Date,ADS Change
2017-01-02,-0.02227699999999999
2017-01-03,-0.021782999999999997
2017-01-04,-0.02129700000000001
2017-01-05,-0.020820000000000005
2017-01-06,-0.020348999999999978
2017-01-07,-0.019888000000000003
2017-01-08,-0.019434000000000007
2017-01-09,-0.0192706
2017-01-10,-0.0191148
2017-01-11,-0.0189664
2017-01-12,-0.018825399999999996
2017-01-13,-0.0186915
2017-01-14,-0.018564900000000002
2017-01-15,-0.018445399999999997
2017-01-16,-0.0176817
2017-01-17,-0.016924699999999994
2017-01-18,-0.016174200000000014
2017-01-19,-0.015430399999999997
2017-01-20,-0.014690999999999996
2017-01-21,-0.013960000000000014
2017-01-22,-0.013230999999999993
2017-01-23,-0.013360999999999984
2017-01-24,-0.013494000000000006
2017-01-25,-0.013633000000000006
2017-01-26,-0.01377600000000001
2017-01-27,-0.013925999999999994
2017-01-28,-0.014080999999999982
2017-01-29,-0.014241000000000004
2017-01-30,-0.014519000000000032
2017-01-31,-0.01479999999999998
2017-02-01,-0.015089999999999992
2017-02-02,-0.014342000000000021
2017-02-03,-0.013600000000000001
2017-02-04,-0.012863999999999987
2017-02-05,-0.012131999999999976
2017-02-06,-0.010801000000000005
2017-02-07,-0.00947300000000001
2017-02-08,-0.008149000000000017
2017-02-09,-0.006828000000000001
2017-02-10,-0.005509999999999959
2017-02-11,-0.004195000000000004
2017-02-12,-0.0028790000000000204
2017-02-13,-0.0015209999999999946
2017-02-14,-0.00016199999999999548
2017-02-15,0.0011959999999999749
2017-02-16,0.0025560000000000027
2017-02-17,0.003916000000000031
2017-02-18,0.005276999999999976
2017-02-19,0.006641000000000008
2017-02-20,0.007120000000000015
2017-02-21,0.007604
2017-02-22,0.008088999999999957
2017-02-23,0.008577000000000001
2017-02-24,0.009070000000000022
2017-02-25,0.00956499999999999
2017-02-26,0.010064000000000017
2017-02-27,0.011946000000000012
2017-02-28,0.013831999999999955
2017-03-01,0.015723000000000042
2017-03-02,0.01607900000000001
2017-03-03,0.016441999999999984
2017-03-04,0.01680899999999999
2017-03-05,0.017184000000000005
2017-03-06,0.016567
2017-03-07,0.015953999999999996
2017-03-08,0.015349000000000002
2017-03-09,0.014749999999999985
2017-03-10,0.014155000000000015
2017-03-11,0.013566999999999996
2017-03-12,0.012984300000000004
2017-03-13,0.013079099999999996
2017-03-14,0.013179399999999994
2017-03-15,0.013284700000000003
2017-03-16,0.013395200000000003
2017-03-17,0.0135109
2017-03-18,0.0136316
2017-03-19,0.01375779
2017-03-20,0.01363957
2017-03-21,0.013526639999999998
2017-03-22,0.013418900000000001
2017-03-23,0.013316399999999999
2017-03-24,0.013219000000000002
2017-03-25,0.013126700000000005
2017-03-26,0.013039399999999993
2017-03-27,0.012027400000000008
2017-03-28,0.01102099999999999
2017-03-29,0.010017999999999999
2017-03-30,0.009020000000000014
2017-03-31,0.008024000000000003
2017-04-01,0.007030999999999982
2017-04-02,0.005524000000000001
2017-04-03,0.005165000000000003
2017-04-04,0.004808000000000007
2017-04-05,0.0044510000000000105
2017-04-06,0.0040979999999999905
2017-04-07,0.0037459999999999993
2017-04-08,0.003395000000000009
2017-04-09,0.003045999999999993
2017-04-10,0.0028409999999999824
2017-04-11,0.0026380000000000015
2017-04-12,0.0024350000000000205
2017-04-13,0.002233999999999986
2017-04-14,0.002034000000000008
2017-04-15,0.0018340000000000023
2017-04-16,0.0016349999999999976
2017-04-17,0.001357999999999998
2017-04-18,0.0010830000000000006
2017-04-19,0.0008080000000000032
2017-04-20,0.0005330000000000057
2017-04-21,0.00025799999999998047
2017-04-22,-1.6999999999989246e-05
2017-04-23,-0.00029100000000001347
2017-04-24,-0.0011410000000000031
2017-04-25,-0.0019899999999999918
2017-04-26,-0.0028419999999999834
2017-04-27,-0.003693000000000002
2017-04-28,-0.004546000000000022
2017-04-29,-0.005400999999999989
2017-04-30,-0.006257999999999986
2017-05-01,-0.0068160000000000165
2017-05-02,-0.006769999999999998
2017-05-03,-0.006727000000000011
2017-05-04,-0.0066859999999999975
2017-05-05,-0.006648999999999988
2017-05-06,-0.006614000000000009
2017-05-07,-0.0065810000000000035
2017-05-08,-0.006555999999999992
2017-05-09,-0.006530999999999995
2017-05-10,-0.006511000000000003
2017-05-11,-0.006492999999999999
2017-05-12,-0.006476700000000002
2017-05-13,-0.006463299999999991
2017-05-14,-0.0064525
2017-05-15,-0.006403300000000001
2017-05-16,-0.006356700000000007
2017-05-17,-0.006312399999999996
2017-05-18,-0.006270700000000004
2017-05-19,-0.006231199999999999
2017-05-20,-0.0061943
2017-05-21,-0.0061598
2017-05-22,-0.005457900000000002
2017-05-23,-0.0047583999999999994
2017-05-24,-0.004060499999999998
2017-05-25,-0.0033642000000000012
2017-05-26,-0.002669399999999999
2017-05-27,-0.0019752999999999993
2017-05-28,-0.0012823000000000018
2017-05-29,-0.0014222999999999996
2017-05-30,-0.0015629000000000007
2017-05-31,-0.0017040499999999986
2017-06-01,-0.0018459800000000005
2017-06-02,-0.00199546
2017-06-03,-0.00214574
2017-06-04,-0.0022968199999999998
2017-06-05,-0.00263225
2017-06-06,-0.00296869
2017-06-07,-0.0033062800000000004
2017-06-08,-0.003645129999999999
2017-06-09,-0.0039854
2017-06-10,-0.0043272000000000015
2017-06-11,-0.0046707
2017-06-12,-0.004578599999999999
2017-06-13,-0.004488199999999998
2017-06-14,-0.0043996000000000035
2017-06-15,-0.004312700000000003
2017-06-16,-0.004227499999999995
2017-06-17,-0.004143800000000003
2017-06-18,-0.0040619
2017-06-19,-0.004248799999999997
2017-06-20,-0.0044376
2017-06-21,-0.004628099999999996
2017-06-22,-0.004820200000000011
2017-06-23,-0.005014299999999999
2017-06-24,-0.005210199999999998
2017-06-25,-0.005408299999999991
2017-06-26,-0.005122100000000004
2017-06-27,-0.004837900000000006
2017-06-28,-0.004555400000000001
2017-06-29,-0.004275000000000001
2017-06-30,-0.0039959999999999996
2017-07-01,-0.003719
2017-07-02,-0.0033059999999999895
2017-07-03,-0.003154000000000004
2017-07-04,-0.003004999999999994
2017-07-05,-0.0028560000000000113
2017-07-06,-0.002708999999999989
2017-07-07,-0.0025620000000000087
2017-07-08,-0.0024170000000000025
2017-07-09,-0.0022719999999999962
2017-07-10,-0.0028890000000000027
2017-07-11,-0.0035069999999999824
2017-07-12,-0.0041250000000000175
2017-07-13,-0.004746
2017-07-14,-0.005368999999999985
2017-07-15,-0.005992999999999998
2017-07-16,-0.006620000000000015
2017-07-17,-0.0064639999999999975
2017-07-18,-0.006311000000000011
2017-07-19,-0.006159999999999999
2017-07-20,-0.00601199999999999
2017-07-21,-0.00586600000000001
2017-07-22,-0.005722999999999978
2017-07-23,-0.005580000000000002
2017-07-24,-0.0058
2017-07-25,-0.006020999999999999
2017-07-26,-0.0062450000000000006
2017-07-27,-0.0064700000000000035
2017-07-28,-0.0066990000000000105
2017-07-29,-0.0069300000000000195
2017-07-30,-0.007164000000000004
2017-07-31,-0.006826999999999972
2017-08-01,-0.0064950000000000285
2017-08-02,-0.005740999999999996
2017-08-03,-0.0049899999999999944
2017-08-04,-0.004239999999999966
2017-08-05,-0.003493000000000024
2017-08-06,-0.0027459999999999707
2017-08-07,-0.002798999999999996
2017-08-08,-0.00285300000000005
2017-08-09,-0.002907999999999966
2017-08-10,-0.0029649999999999954
2017-08-11,-0.0030220000000000247
2017-08-12,-0.0030810000000000004
2017-08-13,-0.003139999999999976
2017-08-14,-0.002811000000000008
2017-08-15,-0.0024839999999999862
2017-08-16,-0.002155000000000018
2017-08-17,-0.0018299999999999983
2017-08-18,-0.001503000000000032
2017-08-19,-0.0011789999999999856
2017-08-20,-0.0008539999999999659
2017-08-21,-0.00043999999999999595
2017-08-22,-2.8000000000028002e-05
2017-08-23,0.00038599999999999746
2017-08-24,0.0007989999999999942
2017-08-25,0.0012119999999999909
2017-08-26,0.001627000000000045
2017-08-27,0.0020409999999999595
2017-08-28,0.004611000000000032
2017-08-29,0.007183999999999968
2017-08-30,0.009759000000000018
2017-08-31,0.012338000000000016
2017-09-01,0.01492199999999999
2017-09-02,0.017689999999999984
2017-09-03,0.020466000000000012
2017-09-04,0.020321000000000006
2017-09-05,0.02018499999999998
2017-09-06,0.02005700000000002
2017-09-07,0.01993599999999998
2017-09-08,0.019822000000000006
2017-09-09,0.019717
2017-09-10,0.01961890000000001
2017-09-11,0.019435099999999997
2017-09-12,0.019258699999999997
2017-09-13,0.0190897
2017-09-14,0.018928
2017-09-15,0.01877378
2017-09-16,0.01862662
2017-09-17,0.018486799999999998
2017-09-18,0.0193327
2017-09-19,0.020186300000000004
2017-09-20,0.021047499999999997
2017-09-21,0.021916900000000003
2017-09-22,0.02279500000000001
2017-09-23,0.02368099999999998
2017-09-24,0.024577000000000016
2017-09-25,0.025191999999999992
2017-09-26,0.025816000000000006
2017-09-27,0.026450999999999975
2017-09-28,0.02709600000000001
2017-09-29,0.027751000000000026
2017-09-30,0.02841699999999997
2017-10-01,0.02909400000000001
2017-10-02,0.02751999999999999
2017-10-03,0.025955000000000006
2017-10-04,0.024401000000000006
2017-10-05,0.022857000000000016
2017-10-06,0.02132099999999998
2017-10-07,0.01979300000000006
2017-10-08,0.0182739999999999
2017-10-09,0.016363000000000016
2017-10-10,0.014458000000000082
2017-10-11,0.012559999999999905
2017-10-12,0.010665000000000036
2017-10-13,0.008776000000000006
2017-10-14,0.006889000000000034
2017-10-15,0.005005999999999955
2017-10-16,0.004137999999999975
2017-10-17,0.0032730000000000814
2017-10-18,0.0024089999999999945
2017-10-19,0.001546999999999965
2017-10-20,0.0006829999999999892
2017-10-21,-0.00017900000000004024
2017-10-22,-0.0010409999999999586
2017-10-23,-0.0021660000000000013
2017-10-24,-0.0032929999999999904
2017-10-25,-0.0044199999999999795
2017-10-26,-0.005550000000000055
2017-10-27,-0.006680999999999937
2017-10-28,-0.007815000000000016
2017-10-29,-0.00895199999999996
2017-10-30,-0.009786000000000072
2017-10-31,-0.010622999999999938
2017-11-01,-0.011465000000000058
2017-11-02,-0.011004000000000014
2017-11-03,-0.010545999999999944
2017-11-04,-0.010093000000000019
2017-11-05,-0.009643999999999986
2017-11-06,-0.009241999999999972
2017-11-07,-0.008845000000000047
2017-11-08,-0.008450999999999986
2017-11-09,-0.008060000000000012
2017-11-10,-0.007672000000000012
2017-11-11,-0.007286999999999988
2017-11-12,-0.0069049999999999945
2017-11-13,-0.0071510000000000185
2017-11-14,-0.007400999999999991
2017-11-15,-0.007653000000000021
2017-11-16,-0.007909
2017-11-17,-0.008165999999999951
2017-11-18,-0.008428000000000047
2017-11-19,-0.008691999999999978
2017-11-20,-0.00875300000000001
2017-11-21,-0.00881599999999999
2017-11-22,-0.008882999999999974
2017-11-23,-0.008954000000000018
2017-11-24,-0.009028000000000036
2017-11-25,-0.009104999999999974
2017-11-26,-0.009184999999999999
2017-11-27,-0.009236999999999995
2017-11-28,-0.00929000000000002
2017-11-29,-0.009348999999999996
2017-11-30,-0.009409
2017-12-01,-0.009473999999999982
2017-12-02,-0.010029999999999983
2017-12-03,-0.010588000000000042
2017-12-04,-0.011610999999999982
2017-12-05,-0.012637999999999983
2017-12-06,-0.013669000000000014
2017-12-07,-0.014705999999999997
2017-12-08,-0.015748000000000012
2017-12-09,-0.01679699999999998
2017-12-10,-0.017852000000000007
2017-12-11,-0.017733
2017-12-12,-0.017619999999999997
2017-12-13,-0.017514000000000016
2017-12-14,-0.017414
2017-12-15,-0.017322599999999994
2017-12-16,-0.017236500000000002
2017-12-17,-0.017157200000000004
2017-12-18,-0.017439699999999995
2017-12-19,-0.0177289
2017-12-20,-0.018024870000000002
2017-12-21,-0.01832783
2017-12-22,-0.0186377
2017-12-23,-0.018955
2017-12-24,-0.019279400000000002
2017-12-25,-0.020067
2017-12-26,-0.0208623
2017-12-27,-0.021666000000000005
2017-12-28,-0.022476999999999997
2017-12-29,-0.023297999999999985
2017-12-30,-0.02412600000000001
2017-12-31,-0.024965999999999988
2018-01-01,-0.025522000000000017
2018-01-02,-0.02333200000000002
2018-01-03,-0.021148999999999973
2018-01-04,-0.018975999999999993
2018-01-05,-0.01680900000000002
2018-01-06,-0.014649999999999996
2018-01-07,-0.012494999999999978
2018-01-08,-0.011517
2018-01-09,-0.010541999999999996
2018-01-10,-0.009570999999999996
2018-01-11,-0.00860500000000003
2018-01-12,-0.007641999999999982
2018-01-13,-0.006682000000000021
2018-01-14,-0.005722999999999978
2018-01-15,-0.0037679999999999936
2018-01-16,-0.001813000000000009
2018-01-17,0.00014100000000000223
2018-01-18,0.002094999999999958
2018-01-19,0.0040500000000000536
2018-01-20,0.006005999999999956
2018-01-21,0.007964000000000027
2018-01-22,0.009755000000000014
2018-01-23,0.011548999999999976
2018-01-24,0.013346000000000025
2018-01-25,0.01515099999999997
2018-01-26,0.016959000000000002
2018-01-27,0.018776000000000015
2018-01-28,0.020598000000000005
2018-01-29,0.022397999999999973
2018-01-30,0.024205000000000032
2018-01-31,0.02602299999999999
2018-02-01,0.027848999999999985
2018-02-02,0.026521000000000017
2018-02-03,0.0252
2018-02-04,0.023891999999999997
2018-02-05,0.022828999999999988
2018-02-06,0.021775500000000003
2018-02-07,0.020730700000000005
2018-02-08,0.019693799999999997
2018-02-09,0.018664499999999997
2018-02-10,0.0176422
2018-02-11,0.01662688
2018-02-12,0.01531882
2018-02-13,0.014016799999999996
2018-02-14,0.012720000000000002
2018-02-15,0.0114282
2018-02-16,0.010140800000000005
2018-02-17,0.008857299999999999
2018-02-18,0.007577299999999995
2018-02-19,0.006433599999999998
2018-02-20,0.005292600000000008
2018-02-21,0.004153999999999991
2018-02-22,0.003016000000000005
2018-02-23,0.0018800000000000067
2018-02-24,0.0007439999999999947
2018-02-25,-0.00039100000000000246
2018-02-26,-0.0008579999999999977
2018-02-27,-0.0013250000000000067
2018-02-28,-0.001792999999999989
2018-03-01,-0.002260999999999999
2018-03-02,-0.0014320000000000027
2018-03-03,-0.0006029000000000034
2018-03-04,0.0002259000000000011
2018-03-05,0.0003071999999999936
2018-03-06,0.00038860000000000283
2018-03-07,0.0004703000000000068
2018-03-08,0.0005518999999999941
2018-03-09,0.0006339999999999957
2018-03-10,0.0007160000000000083
2018-03-11,0.0007989999999999942
2018-03-12,0.0011900000000000105
2018-03-13,0.001582
2018-03-14,0.0019749999999999907
2018-03-15,0.002367000000000008
2018-03-16,0.0027620000000000006
2018-03-17,0.003156999999999993
2018-03-18,0.0035530000000000006
2018-03-19,0.003686999999999996
2018-03-20,0.003823000000000007
2018-03-21,0.003959999999999991
2018-03-22,0.004098000000000018
2018-03-23,0.004237999999999992
2018-03-24,0.004379999999999995
2018-03-25,0.004522999999999999
2018-03-26,0.005340000000000011
2018-03-27,0.006157999999999997
2018-03-28,0.006978999999999985
2018-03-29,0.007803000000000004
2018-03-30,0.008627999999999997
2018-03-31,0.009458999999999995
2018-04-01,0.010292000000000023
2018-04-02,0.009392999999999985
2018-04-03,0.008496000000000004
2018-04-04,0.007602999999999999
2018-04-05,0.006712999999999997
2018-04-06,0.005825999999999998
2018-04-07,0.004941000000000001
2018-04-08,0.004057000000000005
2018-04-09,0.003181000000000017
2018-04-10,0.0023059999999999747
2018-04-11,0.0014330000000000176
2018-04-12,0.0005580000000000029
2018-04-13,-0.00031400000000003647
2018-04-14,-0.0011879999999999669
2018-04-15,-0.002061000000000035
2018-04-16,-0.004324999999999968
2018-04-17,-0.0065890000000000115
2018-04-18,-0.008857000000000004
2018-04-19,-0.011127999999999999
2018-04-20,-0.013402999999999998
2018-04-21,-0.015683000000000002
2018-04-22,-0.017968999999999985
2018-04-23,-0.018921999999999994
2018-04-24,-0.01988100000000001
2018-04-25,-0.020849000000000006
2018-04-26,-0.021823499999999996
2018-04-27,-0.022807599999999997
2018-04-28,-0.0238
2018-04-29,-0.0248018
2018-04-30,-0.02582992
2018-05-01,-0.02686818
2018-05-02,-0.0254714
2018-05-03,-0.024084499999999995
2018-05-04,-0.022707100000000008
2018-05-05,-0.021337999999999996
2018-05-06,-0.019976999999999995
2018-05-07,-0.018235
2018-05-08,-0.016500000000000015
2018-05-09,-0.014769999999999978
2018-05-10,-0.013047000000000003
2018-05-11,-0.011329000000000006
2018-05-12,-0.009615000000000012
2018-05-13,-0.007903999999999994
2018-05-14,-0.006325999999999998
2018-05-15,-0.004748000000000002
2018-05-16,-0.0031739999999999824
2018-05-17,-0.0015999999999999903
2018-05-18,-2.6999999999999247e-05
2018-05-19,0.001545999999999964
2018-05-20,0.0031190000000000107
2018-05-21,0.0039889999999999926
2018-05-22,0.004861000000000004
2018-05-23,0.005733000000000016
2018-05-24,0.006608999999999976
2018-05-25,0.00748600000000002
2018-05-26,0.008367999999999987
2018-05-27,0.00925100000000001
2018-05-28,0.010539999999999994
2018-05-29,0.01183300000000001
2018-05-30,0.013131000000000004
2018-05-31,0.014434000000000002
2018-06-01,0.015740999999999977
2018-06-02,0.014968000000000009
2018-06-03,0.014200000000000004
2018-06-04,0.013360200000000003
2018-06-05,0.012524999999999994
2018-06-06,0.011694800000000005
2018-06-07,0.010869199999999996
2018-06-08,0.010047799999999996
2018-06-09,0.009230300000000004
2018-06-10,0.008416199999999999
2018-06-11,0.007476699999999999
2018-06-12,0.006540100000000002
2018-06-13,0.0056059299999999986
2018-06-14,0.0046739600000000004
2018-06-15,0.0037437800000000004
2018-06-16,0.00281506
2018-06-17,0.00188741
2018-06-18,0.0013159000000000005
2018-06-19,0.0007448699999999999
2018-06-20,0.0001741399999999997
2018-06-21,-0.00039652000000000003
2018-06-22,-0.0009673299999999998
2018-06-23,-0.0015385200000000003
2018-06-24,-0.002110306
2018-06-25,-0.0025903239999999998
2018-06-26,-0.00307135
2018-06-27,-0.0035535600000000007
2018-06-28,-0.00403714
2018-06-29,-0.0045223
2018-06-30,-0.005009099999999999
2018-07-01,-0.0054979
2018-07-02,-0.004958500000000001
2018-07-03,-0.0044208999999999984
2018-07-04,-0.0038851000000000024
2018-07-05,-0.003350800000000001
2018-07-06,-0.0028176999999999994
2018-07-07,-0.0022857000000000016
2018-07-08,-0.001754699999999998
2018-07-09,-0.0011947999999999959
2018-07-10,-0.0006354000000000012
2018-07-11,-7.630000000000137e-05
2018-07-12,0.0004827999999999985
2018-07-13,0.0010420000000000013
2018-07-14,0.0016018000000000004
2018-07-15,0.0021621
2018-07-16,0.0034292000000000003
2018-07-17,0.004697599999999996
2018-07-18,0.005967900000000005
2018-07-19,0.0072403999999999975
2018-07-20,0.0085158
2018-07-21,0.00979439
2018-07-22,0.01107679
2018-07-23,0.01201972
2018-07-24,0.012967400000000002
2018-07-25,0.013919899999999995
2018-07-26,0.014877900000000006
2018-07-27,0.01584159999999999
2018-07-28,0.016811400000000004
2018-07-29,0.017787200000000003
2018-07-30,0.019051000000000012
2018-07-31,0.020319999999999977
2018-08-01,0.021597000000000005
2018-08-02,0.020193000000000016
2018-08-03,0.018793999999999977
2018-08-04,0.017405000000000004
2018-08-05,0.016021000000000007
2018-08-06,0.014345000000000024
2018-08-07,0.012676999999999994
2018-08-08,0.011011999999999966
2018-08-09,0.009352000000000027
2018-08-10,0.007695000000000007
2018-08-11,0.006040999999999963
2018-08-12,0.004391000000000034
2018-08-13,0.0029629999999999934
2018-08-14,0.0015390000000000126
2018-08-15,0.00011299999999997423
2018-08-16,-0.0013119999999999798
2018-08-17,-0.0027369999999999894
2018-08-18,-0.004163000000000028
2018-08-19,-0.005591999999999986
2018-08-20,-0.006890000000000007
2018-08-21,-0.008193000000000006
2018-08-22,-0.009496999999999978
2018-08-23,-0.010806000000000038
2018-08-24,-0.01211799999999999
2018-08-25,-0.013436000000000003
2018-08-26,-0.014758999999999994
2018-08-27,-0.016721999999999987
2018-08-28,-0.018691000000000013
2018-08-29,-0.020667999999999992
2018-08-30,-0.022652000000000005
2018-08-31,-0.024646
2018-09-01,-0.026648199999999997
2018-09-02,-0.026393600000000003
2018-09-03,-0.025597999999999996
2018-09-04,-0.024812100000000004
2018-09-05,-0.024036000000000002
2018-09-06,-0.023269
2018-09-07,-0.022510999999999996
2018-09-08,-0.021761700000000002
2018-09-09,-0.021020800000000006
2018-09-10,-0.020346599999999992
2018-09-11,-0.019679000000000002
2018-09-12,-0.01902100000000001
2018-09-13,-0.018368999999999996
2018-09-14,-0.01772499999999999
2018-09-15,-0.01708599999999999
2018-09-16,-0.016456000000000026
2018-09-17,-0.01597599999999999
2018-09-18,-0.015502999999999989
2018-09-19,-0.01503500000000002
2018-09-20,-0.014573999999999976
2018-09-21,-0.014118999999999993
2018-09-22,-0.013668000000000013
2018-09-23,-0.013222000000000012
2018-09-24,-0.012525999999999982
2018-09-25,-0.011834000000000011
2018-09-26,-0.01114599999999999
2018-09-27,-0.010462000000000027
2018-09-28,-0.00978399999999996
2018-09-29,-0.009107000000000032
2018-09-30,-0.008435999999999999
2018-10-01,-0.007946999999999982
2018-10-02,-0.007464000000000026
2018-10-03,-0.006981999999999988
2018-10-04,-0.006504999999999983
2018-10-05,-0.006028000000000033
2018-10-06,-0.005554999999999977
2018-10-07,-0.005083999999999977
2018-10-08,-0.0047960000000000225
2018-10-09,-0.004510999999999987
2018-10-10,-0.0042280000000000095
2018-10-11,-0.003946000000000005
2018-10-12,-0.0036650000000000293
2018-10-13,-0.0033869999999999734
2018-10-14,-0.0031079999999999997
2018-10-15,-0.0023009999999999975
2018-10-16,-0.001493000000000022
2018-10-17,-0.0006869999999999932
2018-10-18,0.00012000000000000899
2018-10-19,0.0009270000000000111
2018-10-20,0.0017340000000000133
2018-10-21,0.00254099999999996
2018-10-22,0.0029140000000000277
2018-10-23,0.003288000000000013
2018-10-24,0.003662999999999972
2018-10-25,0.004041000000000017
2018-10-26,0.0044179999999999775
2018-10-27,0.004798999999999998
2018-10-28,0.005180000000000018
2018-10-29,0.005701999999999985
2018-10-30,0.006225000000000036
2018-10-31,0.0067509999999999515
2018-11-01,0.007280000000000009
2018-11-02,0.007213000000000025
2018-11-03,0.00714999999999999
2018-11-04,0.007089000000000012
2018-11-05,0.007083000000000006
2018-11-06,0.007081000000000004
2018-11-07,0.007081999999999977
2018-11-08,0.007083999999999979
2018-11-09,0.007090000000000041
2018-11-10,0.0070989999999999664
2018-11-11,0.007109000000000032
2018-11-12,0.007176999999999989
2018-11-13,0.0072490000000000054
2018-11-14,0.007320999999999966
2018-11-15,0.007398000000000016
2018-11-16,0.007477000000000011
2018-11-17,0.007560000000000011
2018-11-18,0.007643999999999984
2018-11-19,0.008101000000000025
2018-11-20,0.008561999999999959
2018-11-21,0.009026000000000034
2018-11-22,0.009492999999999974
2018-11-23,0.009963
2018-11-24,0.010439000000000004
2018-11-25,0.01091700000000001
2018-11-26,0.010661000000000004
2018-11-27,0.010409000000000002
2018-11-28,0.010161000000000003
2018-11-29,0.009916999999999981
2018-11-30,0.009676000000000018
2018-12-01,0.009440999999999977
2018-12-02,0.008565000000000017
2018-12-03,0.006843999999999989
2018-12-04,0.005124000000000017
2018-12-05,0.0034069999999999934
2018-12-06,0.001690999999999998
2018-12-07,-2.4999999999997247e-05
2018-12-08,-0.0017400000000000193
2018-12-09,-0.003455999999999987
2018-12-10,-0.003726000000000007
2018-12-11,-0.0039959999999999996
2018-12-12,-0.004267999999999994
2018-12-13,-0.0045429999999999915
2018-12-14,-0.004818000000000017
2018-12-15,-0.005095999999999989
2018-12-16,-0.005374999999999991
2018-12-17,-0.00556100000000001
2018-12-18,-0.005749000000000004
2018-12-19,-0.005939
2018-12-20,-0.0061319999999999986
2018-12-21,-0.006325999999999998
2018-12-22,-0.006524000000000002
2018-12-23,-0.006723000000000007
2018-12-24,-0.006963999999999998
2018-12-25,-0.007204999999999989
2018-12-26,-0.007452000000000014
2018-12-27,-0.007698999999999984
2018-12-28,-0.007950999999999986
2018-12-29,-0.008204000000000045
2018-12-30,-0.008462999999999998
2018-12-31,-0.009747999999999979
2019-01-01,-0.011037999999999992
2019-01-02,-0.011276999999999981
2019-01-03,-0.01152000000000003
2019-01-04,-0.011766999999999972
2019-01-05,-0.012019000000000002
2019-01-06,-0.012276000000000009
2019-01-07,-0.012292999999999998
2019-01-08,-0.01231500000000002
2019-01-09,-0.01234099999999999
2019-01-10,-0.012373999999999996
2019-01-11,-0.012410000000000032
2019-01-12,-0.01245099999999999
2019-01-13,-0.01249699999999998
2019-01-14,-0.012431999999999999
2019-01-15,-0.012371999999999994
2019-01-16,-0.01231500000000002
2019-01-17,-0.01226499999999997
2019-01-18,-0.012218000000000062
2019-01-19,-0.012176999999999993
2019-01-20,-0.012139000000000011
2019-01-21,-0.011046999999999918
2019-01-22,-0.009956999999999994
2019-01-23,-0.008871999999999991
2019-01-24,-0.007791000000000103
2019-01-25,-0.00671199999999994
2019-01-26,-0.005635000000000057
2019-01-27,-0.004561999999999955
2019-01-28,-0.0044560000000000155
2019-01-29,-0.004350999999999994
2019-01-30,-0.004248999999999947
2019-01-31,-0.0041480000000000405
2019-02-01,-0.004048999999999969
2019-02-02,-0.0031880000000000797
2019-02-03,-0.0023289999999999145
2019-02-04,-0.0016530000000000156
2019-02-05,-0.0009790000000000632
2019-02-06,-0.00030399999999997096
2019-02-07,0.00036999999999998145
2019-02-08,0.001044000000000045
2019-02-09,0.001719000000000026
2019-02-10,0.002394999999999925
2019-02-11,0.002663000000000082
2019-02-12,0.002930999999999906
2019-02-13,0.003202000000000038
2019-02-14,0.0034730000000000594
2019-02-15,0.003745999999999916
2019-02-16,0.0040200000000000236
2019-02-17,0.0042959999999999665
2019-02-18,0.005680000000000018
2019-02-19,0.007064999999999988
2019-02-20,0.008454000000000073
2019-02-21,0.00984699999999994
2019-02-22,0.011241999999999974
2019-02-23,0.012641000000000013
2019-02-24,0.014047000000000032
2019-02-25,0.014808000000000043
2019-02-26,0.01557499999999995
2019-02-27,0.01634800000000003
2019-02-28,0.017127000000000003
2019-03-01,0.017912999999999957
2019-03-02,0.016529000000000016
2019-03-03,0.015151999999999999
2019-03-04,0.014100000000000001
2019-03-05,0.01305400000000001
2019-03-06,0.012012999999999996
2019-03-07,0.010975999999999986
2019-03-08,0.009944000000000008
2019-03-09,0.008915000000000006
2019-03-10,0.007890000000000008
2019-03-11,0.006517999999999968
2019-03-12,0.005149000000000015
2019-03-13,0.0037820000000000076
2019-03-14,0.0024150000000000005
2019-03-15,0.0010499999999999954
2019-03-16,-0.00031399999999998096
2019-03-17,-0.001678999999999986
2019-03-18,-0.0028730000000000144
2019-03-19,-0.004068999999999989
2019-03-20,-0.005266000000000048
2019-03-21,-0.006465999999999972
2019-03-22,-0.007666999999999979
2019-03-23,-0.008871000000000018
2019-03-24,-0.010079999999999978
2019-03-25,-0.011526000000000036
2019-03-26,-0.012977000000000016
2019-03-27,-0.014432999999999974
2019-03-28,-0.01589400000000002
2019-03-29,-0.017362999999999962
2019-03-30,-0.01883600000000002
2019-03-31,-0.020318000000000003
2019-04-01,-0.02183099999999999
2019-04-02,-0.020954000000000028
2019-04-03,-0.020085999999999937
2019-04-04,-0.019226000000000076
2019-04-05,-0.018371999999999944
2019-04-06,-0.01752700000000007
2019-04-07,-0.016687000000000007
2019-04-08,-0.015516999999999892
2019-04-09,-0.014354000000000089
2019-04-10,-0.013195999999999986
2019-04-11,-0.012043000000000026
2019-04-12,-0.01089399999999996
2019-04-13,-0.009750000000000036
2019-04-14,-0.008610000000000007
2019-04-15,-0.0064029999999999365
2019-04-16,-0.004198000000000035
2019-04-17,-0.001994999999999969
2019-04-18,0.00020600000000003948
2019-04-19,0.0024079999999999657
2019-04-20,0.0046119999999999495
2019-04-21,0.006816000000000044
2019-04-22,0.008028000000000035
2019-04-23,0.009241999999999972
2019-04-24,0.010460000000000025
2019-04-25,0.01168199999999997
2019-04-26,0.01290800000000003
2019-04-27,0.01413999999999993
2019-04-28,0.015376999999999974
2019-04-29,0.016590000000000105
2019-04-30,0.017807999999999935
2019-05-01,0.019033999999999995
2019-05-02,0.018778000000000072
2019-05-03,0.018528999999999907
2019-05-04,0.018288000000000026
2019-05-05,0.018052000000000012
2019-05-06,0.01721299999999998
2019-05-07,0.016379000000000032
2019-05-08,0.015552999999999984
2019-05-09,0.014732999999999996
2019-05-10,0.013917000000000013
2019-05-11,0.013108000000000009
2019-05-12,0.012303999999999982
2019-05-13,0.012215000000000031
2019-05-14,0.012131999999999976
2019-05-15,0.01205400000000001
2019-05-16,0.01197999999999999
2019-05-17,0.011909999999999976
2019-05-18,0.011846000000000023
2019-05-19,0.011786000000000019
2019-05-20,0.011921999999999988
2019-05-21,0.01206400000000002
2019-05-22,0.012209999999999999
2019-05-23,0.012359999999999982
2019-05-24,0.012516
2019-05-25,0.012675999999999993
2019-05-26,0.012840999999999991
2019-05-27,0.012761000000000022
2019-05-28,0.012685999999999975
2019-05-29,0.012616000000000016
2019-05-30,0.012549000000000005
2019-05-31,0.012490000000000001
2019-06-01,0.012433
2019-06-02,0.011358999999999994
2019-06-03,0.010387999999999994
2019-06-04,0.009421200000000005
2019-06-05,0.008458499999999994
2019-06-06,0.007498600000000008
2019-06-07,0.0065418
2019-06-08,0.005587399999999992
2019-06-09,0.004635100000000003
2019-06-10,0.0031542999999999988
2019-06-11,0.0016745000000000024
2019-06-12,0.00019539999999999835
2019-06-13,-0.0012835
2019-06-14,-0.0027630999999999975
2019-06-15,-0.004243699999999996
2019-06-16,-0.005725800000000003
2019-06-17,-0.006060200000000002
2019-06-18,-0.006396899999999997
2019-06-19,-0.006736000000000006
2019-06-20,-0.007077799999999995
2019-06-21,-0.007422800000000007
2019-06-22,-0.007768999999999998
2019-06-23,-0.008120000000000002
2019-06-24,-0.009581000000000006
2019-06-25,-0.011045
2019-06-26,-0.012512999999999996
2019-06-27,-0.013987
2019-06-28,-0.01546599999999998
2019-06-29,-0.01695000000000002
2019-06-30,-0.018441999999999986
2019-07-01,-0.020097000000000004
2019-07-02,-0.018619000000000024
2019-07-03,-0.017147999999999997
2019-07-04,-0.015683999999999976
2019-07-05,-0.014224999999999988
2019-07-06,-0.012773000000000034
2019-07-07,-0.011326000000000003
2019-07-08,-0.009589999999999987
2019-07-09,-0.007857999999999976
2019-07-10,-0.006130000000000024
2019-07-11,-0.004404999999999992
2019-07-12,-0.002678999999999987
2019-07-13,-0.0009570000000000412
2019-07-14,0.0007670000000000177
2019-07-15,0.002261000000000013
2019-07-16,0.0037579999999999836
2019-07-17,0.00525500000000001
2019-07-18,0.006753999999999982
2019-07-19,0.008257000000000014
2019-07-20,0.009761999999999993
2019-07-21,0.011271000000000031
2019-07-22,0.013365999999999989
2019-07-23,0.015465000000000007
2019-07-24,0.017571000000000003
2019-07-25,0.01968399999999998
2019-07-26,0.021803000000000017
2019-07-27,0.023932999999999982
2019-07-28,0.02607000000000001
2019-07-29,0.028152999999999984
2019-07-30,0.030249000000000012
2019-07-31,0.032353999999999994
2019-08-01,0.034473000000000004
2019-08-02,0.032503500000000005
2019-08-03,0.0305464
2019-08-04,0.028600999999999998
2019-08-05,0.0267813
2019-08-06,0.024971800000000002
2019-08-07,0.023171999999999998
2019-08-08,0.021380999999999997
2019-08-09,0.019598000000000004
2019-08-10,0.017823000000000006
2019-08-11,0.016054999999999986
2019-08-12,0.013908000000000004
2019-08-13,0.011763999999999997
2019-08-14,0.009626999999999997
2019-08-15,0.007493
2019-08-16,0.005362000000000006
2019-08-17,0.0032330000000000136
2019-08-18,0.0011039999999999939
2019-08-19,-0.0005350000000000077
2019-08-20,-0.0021739999999999815
2019-08-21,-0.003815000000000013
2019-08-22,-0.00545699999999999
2019-08-23,-0.007101000000000024
2019-08-24,-0.008747999999999978
2019-08-25,-0.010398000000000018
2019-08-26,-0.012232999999999994
2019-08-27,-0.014073000000000002
2019-08-28,-0.015916999999999987
2019-08-29,-0.017769000000000007
2019-08-30,-0.019627000000000006
2019-08-31,-0.021491999999999997
2019-09-01,-0.023366399999999996
2019-09-02,-0.023759600000000006
2019-09-03,-0.024161999999999996
2019-09-04,-0.024573900000000003
2019-09-05,-0.024995
2019-09-06,-0.025426000000000004
2019-09-07,-0.0258667
2019-09-08,-0.026317300000000002
2019-09-09,-0.026540099999999997
2019-09-10,-0.02677299999999999
2019-09-11,-0.02701500000000001
2019-09-12,-0.02726999999999999
2019-09-13,-0.027533000000000002
2019-09-14,-0.027808000000000027
2019-09-15,-0.028093999999999952
2019-09-16,-0.028056000000000025
2019-09-17,-0.02803
2019-09-18,-0.028015000000000012
2019-09-19,-0.028009000000000006
2019-09-20,-0.028015999999999985
2019-09-21,-0.028032
2019-09-22,-0.028061000000000003
2019-09-23,-0.028204000000000007
2019-09-24,-0.028357999999999994
2019-09-25,-0.028525000000000023
2019-09-26,-0.028700999999999977
2019-09-27,-0.028888000000000025
2019-09-28,-0.029088000000000003
2019-09-29,-0.029297999999999935
2019-09-30,-0.02998500000000004
2019-10-01,-0.030684000000000045
2019-10-02,-0.02849899999999994
2019-10-03,-0.026322999999999985
2019-10-04,-0.024158000000000013
2019-10-05,-0.022002999999999995
2019-10-06,-0.019855000000000067
2019-10-07,-0.01720099999999991
2019-10-08,-0.014553000000000038
2019-10-09,-0.011912000000000034
2019-10-10,-0.009272999999999976
2019-10-11,-0.006639999999999979
2019-10-12,-0.00400900000000004
2019-10-13,-0.001379000000000019
2019-10-14,0.0007640000000000979
2019-10-15,0.0029049999999999354
2019-10-16,0.005049999999999999
2019-10-17,0.0071950000000000625
2019-10-18,0.00934299999999999
2019-10-19,0.011494999999999922
2019-10-20,0.01365100000000008
2019-10-21,0.01626699999999992
2019-10-22,0.018888000000000016
2019-10-23,0.02151599999999998
2019-10-24,0.02415300000000009
2019-10-25,0.026798999999999906
2019-10-26,0.029456000000000038
2019-10-27,0.03212300000000001
2019-10-28,0.034567000000000014
2019-10-29,0.03702300000000003
2019-10-30,0.039493
2019-10-31,0.041979999999999906
2019-11-01,0.04448200000000002
2019-11-02,0.04176500000000005
2019-11-03,0.03906599999999999
2019-11-04,0.037038000000000015
2019-11-05,0.03502299999999997
2019-11-06,0.033023000000000025
2019-11-07,0.03103399999999995
2019-11-08,0.029058000000000028
2019-11-09,0.027094000000000007
2019-11-10,0.025138999999999995
2019-11-11,0.022736000000000006
2019-11-12,0.020344
2019-11-13,0.017958000000000002
2019-11-14,0.015578999999999982
2019-11-15,0.01320600000000001
2019-11-16,0.010839000000000001
2019-11-17,0.008475999999999997
2019-11-18,0.005676199999999992
2019-11-19,0.00287960000000001
2019-11-20,8.379999999999499e-05
2019-11-21,-0.0027118000000000003
2019-11-22,-0.005508799999999994
2019-11-23,-0.008307000000000009
2019-11-24,-0.011109999999999995
2019-11-25,-0.013128
2019-11-26,-0.015150999999999998
2019-11-27,-0.017179
2019-11-28,-0.01921600000000001
2019-11-29,-0.021258
2019-11-30,-0.023308999999999996
2019-12-01,-0.025370000000000004
2019-12-02,-0.023301000000000016
2019-12-03,-0.021241999999999983
2019-12-04,-0.019189999999999985
2019-12-05,-0.017147000000000023
2019-12-06,-0.015108999999999984
2019-12-07,-0.013077999999999979
2019-12-08,-0.011051000000000033
2019-12-09,-0.010230000000000017
2019-12-10,-0.009411999999999976
2019-12-11,-0.008597000000000021
2019-12-12,-0.007786999999999988
2019-12-13,-0.006979000000000013
2019-12-14,-0.006172999999999984
2019-12-15,-0.005371000000000015
2019-12-16,-0.00436299999999995
2019-12-17,-0.003356999999999999
2019-12-18,-0.0023520000000000207
2019-12-19,-0.0013480000000000159
2019-12-20,-0.00034600000000001296
2019-12-21,0.0006580000000000474
2019-12-22,0.0016619999999999968
2019-12-23,0.0029730000000000034
2019-12-24,0.004286999999999985
2019-12-25,0.005601999999999996
2019-12-26,0.0069190000000000085
2019-12-27,0.008237999999999968
2019-12-28,0.009562000000000015
2019-12-29,0.010888000000000009
2019-12-30,0.011780999999999986
2019-12-31,0.012676999999999994
2020-01-01,0.013580000000000036
2020-01-02,0.013490000000000002
2020-01-03,0.013405999999999973
2020-01-04,0.013326999999999978
2020-01-05,0.013254000000000044
2020-01-06,0.012915999999999983
2020-01-07,0.01258300000000001
2020-01-08,0.012255999999999989
2020-01-09,0.011934
2020-01-10,0.011614999999999986
2020-01-11,0.011301000000000005
2020-01-12,0.010992000000000002
2020-01-13,0.011978000000000016
2020-01-14,0.01296799999999998
2020-01-15,0.013964000000000004
2020-01-16,0.014965000000000006
2020-01-17,0.015971999999999986
2020-01-18,0.016984
2020-01-19,0.018004000000000006
2020-01-20,0.0178513
2020-01-21,0.017705200000000004
2020-01-22,0.017566200000000004
2020-01-23,0.017433899999999995
2020-01-24,0.017308300000000002
2020-01-25,0.01718951
2020-01-26,0.01707719
2020-01-27,0.0174184
2020-01-28,0.0177663
2020-01-29,0.0181211
2020-01-30,0.018482799999999994
2020-01-31,0.018851800000000002
2020-02-01,0.01922800000000001
2020-02-02,0.009926000000000004
2020-02-03,0.0006289999999999907
2020-02-04,-0.008669999999999997
2020-02-05,-0.017971
2020-02-06,-0.027279700000000004
2020-02-07,-0.036598399999999996
2020-02-08,-0.0459313
2020-02-09,-0.055282
2020-02-10,-0.0643436
2020-02-11,-0.073431
2020-02-12,-0.08254500000000001
2020-02-13,-0.091692
2020-02-14,-0.10087400000000002
2020-02-15,-0.110095
2020-02-16,-0.11935899999999999
2020-02-17,-0.12853400000000004
2020-02-18,-0.1377609999999999
2020-02-19,-0.14703700000000008
2020-02-20,-0.15637999999999996
2020-02-21,-0.16576999999999997
2020-02-22,-0.17523
2020-02-23,-0.18476000000000004
2020-02-24,-0.19511999999999996
2020-02-25,-0.2055600000000002
2020-02-26,-0.21607999999999983
2020-02-27,-0.22669000000000006
2020-02-28,-0.23736999999999986
2020-02-29,-0.24815000000000031
2020-03-01,-0.25902999999999965
2020-03-02,-0.3221400000000001
2020-03-03,-0.38537000000000043
2020-03-04,-0.44876000000000005
2020-03-05,-0.5123099999999994
2020-03-06,-0.5760700000000005
2020-03-07,-0.6400399999999999
2020-03-08,-0.7042599999999997
2020-03-09,-0.7662000000000004
2020-03-10,-0.8284199999999995
2020-03-11,-0.8909800000000008
2020-03-12,-0.9538399999999996
2020-03-13,-1.017199999999999
2020-03-14,-1.0807000000000002
2020-03-15,-1.1448999999999998
2020-03-16,-1.0946000000000016
2020-03-17,-1.0448999999999984
2020-03-18,-0.9954999999999998
2020-03-19,-0.9464000000000006
2020-03-20,-0.8978000000000002
2020-03-21,-0.8495999999999988
2020-03-22,-0.8015000000000008
2020-03-23,-0.7341000000000015
2020-03-24,-0.6667999999999985
2020-03-25,-0.5998000000000019
2020-03-26,-0.5331999999999972
2020-03-27,-0.4664999999999999
2020-03-28,-0.40020000000000167
2020-03-29,-0.33399999999999963
2020-03-30,-0.39199999999999946
2020-03-31,-0.4501000000000026
2020-04-01,-0.5082999999999984
2020-04-02,-0.4056999999999995
2020-04-03,-0.3033000000000001
2020-04-04,-0.20090000000000074
2020-04-05,-0.09860000000000113
2020-04-06,-0.06149999999999878
2020-04-07,-0.02459999999999951
2020-04-08,0.012399999999999523
2020-04-09,0.04940000000000211
2020-04-10,0.08629999999999782
2020-04-11,0.12349999999999994
2020-04-12,0.16049999999999898
2020-04-13,0.22320000000000206
2020-04-14,0.2859999999999978
2020-04-15,0.34880000000000067
2020-04-16,0.4119000000000028
2020-04-17,0.47509999999999764
2020-04-18,0.5383999999999993
2020-04-19,0.6021000000000001
2020-04-20,0.6616
2020-04-21,0.7215000000000025
2020-04-22,0.7815999999999974
2020-04-23,0.8421000000000021
2020-04-24,0.9028999999999989
2020-04-25,0.9639999999999986
2020-04-26,1.025500000000001
2020-04-27,1.0920000000000023
2020-04-28,1.158999999999999
2020-04-29,1.2264
2020-04-30,1.2942999999999998
2020-05-01,1.3627000000000002
2020-05-02,1.3009299999999993
2020-05-03,1.2395899999999997
2020-05-04,1.1874400000000005
2020-05-05,1.1357600000000003
2020-05-06,1.0844999999999994
2020-05-07,1.0336800000000004
2020-05-08,0.9832399999999999
2020-05-09,0.9331800000000001
2020-05-10,0.8834900000000001
2020-05-11,0.8478439999999998
2020-05-12,0.812533
2020-05-13,0.7775329999999999
2020-05-14,0.7428300000000001
2020-05-15,0.70842
2020-05-16,0.6742699999999999
2020-05-17,0.6404000000000001
2020-05-18,0.6027900000000002
2020-05-19,0.5654199999999996
2020-05-20,0.52827
2020-05-21,0.49132
2020-05-22,0.45455999999999985
2020-05-23,0.4179700000000004
2020-05-24,0.38154999999999983
2020-05-25,0.34407999999999994
2020-05-26,0.30674000000000046
2020-05-27,0.2695199999999991
2020-05-28,0.23239000000000054
2020-05-29,0.1953700000000005
2020-05-30,0.15841999999999956
2020-05-31,0.1215200000000003
2020-06-01,0.09422999999999959
2020-06-02,0.08475999999999928
2020-06-03,0.07532000000000139
2020-06-04,0.0659200000000002
2020-06-05,0.056549999999999656
2020-06-06,0.04717999999999911
2020-06-07,0.037850000000000605
2020-06-08,0.026769999999999072
2020-06-09,0.015710000000000335
2020-06-10,0.004660000000001219
2020-06-11,-0.00639000000000145
2020-06-12,-0.01745999999999981
2020-06-13,-0.028509999999998925
2020-06-14,-0.03959000000000046
2020-06-15,-0.04651999999999923
2020-06-16,-0.053480000000000416
2020-06-17,-0.060460000000000846
2020-06-18,-0.06744999999999912
2020-06-19,-0.07448000000000121
2020-06-20,-0.08153999999999861
2020-06-21,-0.08862000000000059
2020-06-22,-0.0964899999999993
2020-06-23,-0.10440000000000005
2020-06-24,-0.11234000000000144
2020-06-25,-0.12033999999999878
2020-06-26,-0.12837999999999994
2020-06-27,-0.13646000000000136
2020-06-28,-0.14459999999999873
2020-06-29,-0.15348000000000006
2020-06-30,-0.1624100000000004
2020-07-01,-0.17140000000000022
2020-07-02,-0.16585999999999945
2020-07-03,-0.16039000000000048
2020-07-04,-0.1549699999999996
2020-07-05,-0.14963000000000015
2020-07-06,-0.14053999999999967
2020-07-07,-0.13151000000000046
2020-07-08,-0.12253999999999987
2020-07-09,-0.11362000000000005
2020-07-10,-0.10472000000000037
2020-07-11,-0.09588999999999981
2020-07-12,-0.08706999999999976
2020-07-13,-0.08414000000000055
2020-07-14,-0.08122999999999969
2020-07-15,-0.07834999999999948
2020-07-16,-0.07550000000000079
2020-07-17,-0.0726899999999997
2020-07-18,-0.06989000000000001
2020-07-19,-0.06712999999999969
2020-07-20,-0.0671400000000002
2020-07-21,-0.06716000000000033
2020-07-22,-0.06721999999999984
2020-07-23,-0.06730999999999998
2020-07-24,-0.06740999999999975
2020-07-25,-0.06754000000000016
2020-07-26,-0.06770000000000032
2020-07-27,-0.07181999999999977
2020-07-28,-0.07596000000000025
2020-07-29,-0.08012999999999959
2020-07-30,-0.08433000000000046
2020-07-31,-0.08856999999999982
2020-08-01,-0.09283999999999981
2020-08-02,-0.09794000000000036
2020-08-03,-0.10090999999999983
2020-08-04,-0.10389999999999944
2020-08-05,-0.10695000000000032
2020-08-06,-0.11003000000000007
2020-08-07,-0.11315000000000008
2020-08-08,-0.11631999999999998
2020-08-09,-0.11952999999999969
2020-08-10,-0.11398000000000019
2020-08-11,-0.10847000000000007
2020-08-12,-0.10299999999999976
2020-08-13,-0.09757000000000016
2020-08-14,-0.09216999999999986
2020-08-15,-0.08682000000000034
2020-08-16,-0.08149999999999968
2020-08-17,-0.08044000000000029
2020-08-18,-0.07939999999999969
2020-08-19,-0.07840000000000025
2020-08-20,-0.07742999999999967
2020-08-21,-0.07649000000000017
2020-08-22,-0.07557999999999998
2020-08-23,-0.07468999999999992
2020-08-24,-0.07145000000000001
2020-08-25,-0.0682400000000003
2020-08-26,-0.06503999999999976
2020-08-27,-0.061879999999999935
2020-08-28,-0.058740000000000236
2020-08-29,-0.055629999999999846
2020-08-30,-0.0525199999999999
2020-08-31,-0.04922000000000004
2020-09-01,-0.04593000000000025
2020-09-02,-0.04352999999999985
2020-09-03,-0.041160000000000085
2020-09-04,-0.038799999999999946
2020-09-05,-0.03644999999999987
2020-09-06,-0.034129999999999994
2020-09-07,-0.03370000000000006
2020-09-08,-0.03329000000000004
2020-09-09,-0.03289999999999993
2020-09-10,-0.032520000000000104
2020-09-11,-0.0321499999999999
2020-09-12,-0.031789999999999985
2020-09-13,-0.031440000000000135
2020-09-14,-0.02986999999999984
2020-09-15,-0.028320000000000123
2020-09-16,-0.026759999999999895
2020-09-17,-0.025230000000000086
2020-09-18,-0.023700000000000054
2020-09-19,-0.022179999999999866
2020-09-20,-0.020670000000000188
2020-09-21,-0.02195999999999998
2020-09-22,-0.023269999999999902
2020-09-23,-0.02456999999999998
2020-09-24,-0.025900000000000034
2020-09-25,-0.027230000000000087
2020-09-26,-0.028579999999999828
2020-09-27,-0.02992000000000017
2020-09-28,-0.02896999999999994
2020-09-29,-0.02803
2020-09-30,-0.02709000000000006
2020-10-01,-0.02615999999999996
2020-10-02,-0.026329999999999965
2020-10-03,-0.026510000000000034
2020-10-04,-0.02668999999999988
2020-10-05,-0.02405999999999997
2020-10-06,-0.021422000000000163
2020-10-07,-0.01880499999999996
2020-10-08,-0.016191999999999984
2020-10-09,-0.01358400000000004
2020-10-10,-0.010981999999999936
2020-10-11,-0.008384000000000058
2020-10-12,-0.009722000000000008
2020-10-13,-0.011063999999999963
2020-10-14,-0.012410000000000032
2020-10-15,-0.013759999999999994
2020-10-16,-0.015116000000000018
2020-10-17,-0.016477999999999993
2020-10-18,-0.017845999999999917
2020-10-19,-0.018963000000000063
2020-10-20,-0.020086999999999966
2020-10-21,-0.02121799999999996
2020-10-22,-0.02235700000000007
2020-10-23,-0.023506999999999945
2020-10-24,-0.02466299999999999
2020-10-25,-0.02583100000000005
2020-10-26,-0.025940999999999992
2020-10-27,-0.026059999999999972
2020-10-28,-0.026191000000000075
2020-10-29,-0.026330999999999993
2020-10-30,-0.026482000000000006
2020-10-31,-0.026641999999999944
2020-11-01,-0.026812000000000002
2020-11-02,-0.02743699999999999
2020-11-03,-0.028071000000000013
2020-11-04,-0.02871600000000002
2020-11-05,-0.029372999999999982
2020-11-06,-0.03004000000000001
2020-11-07,-0.030718999999999996
2020-11-08,-0.031409999999999993
2020-11-09,-0.030521999999999994
2020-11-10,-0.029647000000000007
2020-11-11,-0.028782000000000002
2020-11-12,-0.02792800000000001
2020-11-13,-0.027087
2020-11-14,-0.026254
2020-11-15,-0.025431399999999993
2020-11-16,-0.022219100000000006
2020-11-17,-0.0190149
2020-11-18,-0.015818099999999998
2020-11-19,-0.012627300000000001
2020-11-20,-0.00944141
2020-11-21,-0.00625916
2020-11-22,-0.00307931
2020-11-23,-0.00481354
2020-11-24,-0.006549579999999999
2020-11-25,-0.008288199999999999
2020-11-26,-0.01003
2020-11-27,-0.0117757
2020-11-28,-0.0135259
2020-11-29,-0.015281199999999995
2020-11-30,-0.008515900000000007
2020-12-01,-0.0017539000000000027
2020-12-02,0.0046266000000000085
2020-12-03,0.0110088
2020-12-04,0.0173952
2020-12-05,0.023788499999999997
2020-12-06,0.03019072
2020-12-07,0.031275380000000005
2020-12-08,0.032371899999999995
2020-12-09,0.0334815
2020-12-10,0.03460300000000001
2020-12-11,0.03573799999999999
2020-12-12,0.036888000000000004
2020-12-13,0.038051
2020-12-14,0.035510000000000014
2020-12-15,0.03298399999999996
2020-12-16,0.030470000000000053
2020-12-17,0.027967999999999993
2020-12-18,0.025476
2020-12-19,0.02299399999999996
2020-12-20,0.02052200000000004
2020-12-21,0.019289999999999974
2020-12-22,0.018067
2020-12-23,0.01685000000000003
2020-12-24,0.015639000000000014
2020-12-25,0.014436000000000004
2020-12-26,0.013235999999999915
2020-12-27,0.012043000000000026
2020-12-28,0.01404099999999997
2020-12-29,0.016045000000000087
2020-12-30,0.018054999999999932
2020-12-31,0.02007199999999998
2021-01-01,0.022097000000000033
2021-01-02,0.018437000000000037
2021-01-03,0.014784999999999937
2021-01-04,0.013737
2021-01-05,0.01269600000000004
2021-01-06,0.011658000000000057
2021-01-07,0.010625999999999913
2021-01-08,0.009597999999999995
2021-01-09,0.008572000000000024
2021-01-10,0.007552000000000003
2021-01-11,0.0006789999999999852
2021-01-12,-0.0061909999999999465
2021-01-13,-0.013064999999999993
2021-01-14,-0.019944000000000073
2021-01-15,-0.02682999999999991
2021-01-16,-0.03372700000000006
2021-01-17,-0.040637000000000034
2021-01-18,-0.04760299999999995
2021-01-19,-0.054589
2021-01-20,-0.06159500000000001
2021-01-21,-0.06862600000000002
2021-01-22,-0.07568199999999997
2021-01-23,-0.08276700000000001
2021-01-24,-0.089886
2021-01-25,-0.0949671
2021-01-26,-0.10008550000000001
2021-01-27,-0.1052424
2021-01-28,-0.11044000000000001
2021-01-29,-0.11568
2021-01-30,-0.12096400000000002
2021-01-31,-0.12629599999999996
2021-02-01,-0.13153899999999996
2021-02-02,-0.11889900000000009
2021-02-03,-0.10630799999999996
2021-02-04,-0.09375
2021-02-05,-0.08122999999999991
2021-02-06,-0.06875000000000009
2021-02-07,-0.05628999999999995
2021-02-08,-0.044729999999999936
2021-02-09,-0.03320000000000012
2021-02-10,-0.021689999999999987
2021-02-11,-0.010159999999999947
2021-02-12,0.0013399999999998968
2021-02-13,0.012839999999999963
2021-02-14,0.024370000000000003
2021-02-15,0.03186
2021-02-16,0.03937000000000013
2021-02-17,0.04689999999999994
2021-02-18,0.05445000000000011
2021-02-19,0.0620099999999999
2021-02-20,0.06959000000000004
2021-02-21,0.07721699999999998
2021-02-22,0.08937600000000001
2021-02-23,0.10157399999999994
2021-02-24,0.11381000000000008
2021-02-25,0.12609099999999995
2021-02-26,0.13841900000000001
2021-02-27,0.150802
2021-02-28,0.163242
2021-03-01,0.1752864
2021-03-02,0.1672036
2021-03-03,0.159185
2021-03-04,0.15122799999999997
2021-03-05,0.14333000000000007
2021-03-06,0.13548700000000002
2021-03-07,0.127695
2021-03-08,0.12080399999999991
2021-03-09,0.11397000000000013
2021-03-10,0.10715999999999992
2021-03-11,0.10040999999999989
2021-03-12,0.09369000000000005
2021-03-13,0.08699999999999997
2021-03-14,0.08035999999999999
2021-03-15,0.0703100000000001
2021-03-16,0.06030000000000002
2021-03-17,0.05031000000000008
2021-03-18,0.04033999999999982
2021-03-19,0.030380000000000074
2021-03-20,0.020440000000000014
2021-03-21,0.010499999999999954
2021-03-22,0.005109999999999948
2021-03-23,-0.00027999999999983594
2021-03-24,-0.005680000000000129
2021-03-25,-0.011059999999999848
2021-03-26,-0.01646000000000014
2021-03-27,-0.02185999999999999
2021-03-28,-0.02727999999999997
2021-03-29,-0.03465000000000007
2021-03-30,-0.04204999999999992
2021-03-31,-0.049449999999999994
2021-04-01,-0.05689000000000011
2021-04-02,-0.054549999999999876
2021-04-03,-0.05225999999999997
2021-04-04,-0.04997000000000007
2021-04-05,-0.05049999999999999
2021-04-06,-0.051039999999999974
2021-04-07,-0.051609999999999934
2021-04-08,-0.052180000000000115
2021-04-09,-0.05278999999999989
2021-04-10,-0.05342000000000002
2021-04-11,-0.05406
2021-04-12,-0.05176000000000003
2021-04-13,-0.049490000000000034
2021-04-14,-0.04722000000000004
2021-04-15,-0.044988999999999946
2021-04-16,-0.042764000000000024
2021-04-17,-0.04055799999999998
2021-04-18,-0.03836799999999996
2021-04-19,-0.035646999999999984
2021-04-20,-0.03293900000000005
2021-04-21,-0.03024400000000005
2021-04-22,-0.027561999999999975
2021-04-23,-0.02488800000000002
2021-04-24,-0.022225999999999968
2021-04-25,-0.019571000000000005
2021-04-26,-0.019843999999999973
2021-04-27,-0.02012500000000006
2021-04-28,-0.020411999999999986
2021-04-29,-0.02070799999999995
2021-04-30,-0.02101300000000006
2021-05-01,-0.02132400000000001
2021-05-02,-0.02156099999999994
2021-05-03,-0.020367999999999997
2021-05-04,-0.01918000000000003
2021-05-05,-0.018001999999999962
2021-05-06,-0.01683000000000001
2021-05-07,-0.01566400000000001
2021-05-08,-0.014504000000000017
2021-05-09,-0.013349999999999973
2021-05-10,-0.012417999999999985
2021-05-11,-0.011491000000000029
2021-05-12,-0.010568999999999995
2021-05-13,-0.009649000000000019
2021-05-14,-0.008733999999999964
2021-05-15,-0.007823000000000024
2021-05-16,-0.006913999999999976
2021-05-17,-0.006001000000000034
2021-05-18,-0.005088999999999955
2021-05-19,-0.004179000000000044
2021-05-20,-0.003271999999999997
2021-05-21,-0.002365000000000006
2021-05-22,-0.001458999999999988
2021-05-23,-0.0005539999999999989
2021-05-24,0.0008580000000000254
2021-05-25,0.0022699999999999942
2021-05-26,0.003682999999999992
2021-05-27,0.005097999999999991
2021-05-28,0.00651400000000002
2021-05-29,0.007933999999999997
2021-05-30,0.009355999999999975
2021-05-31,0.01108600000000004
2021-06-01,0.012819999999999998
2021-06-02,0.012859999999999983
2021-06-03,0.012905
2021-06-04,0.012954999999999994
2021-06-05,0.013008999999999993
2021-06-06,0.013068999999999997
2021-06-07,0.013809000000000016
2021-06-08,0.014552999999999983
2021-06-09,0.015303999999999984
2021-06-10,0.01606000000000002
2021-06-11,0.016823000000000032
2021-06-12,0.017590999999999968
2021-06-13,0.018367000000000022
2021-06-14,0.01854699999999998
2021-06-15,0.018733
2021-06-16,0.018928000000000056
2021-06-17,0.01912899999999995
2021-06-18,0.01933700000000005
2021-06-19,0.01955399999999996
2021-06-20,0.019777000000000045
2021-06-21,0.018044999999999978
2021-06-22,0.01632099999999992
2021-06-23,0.014603000000000033
2021-06-24,0.012890000000000068
2021-06-25,0.011182999999999943
2021-06-26,0.009479000000000015
2021-06-27,0.00777899999999998
2021-06-28,0.008182000000000023
2021-06-29,0.00858800000000004
2021-06-30,0.008995999999999893
2021-07-01,0.009408000000000083
2021-07-02,0.007915999999999923
2021-07-03,0.006426000000000043
2021-07-04,0.004937999999999998
2021-07-05,0.0021539999999999893
2021-07-06,-0.0006289999999999907
2021-07-07,-0.003410999999999942
2021-07-08,-0.006197000000000008
2021-07-09,-0.008983000000000074
2021-07-10,-0.011773999999999951
2021-07-11,-0.014568000000000025
2021-07-12,-0.013831999999999955
2021-07-13,-0.01310100000000003
2021-07-14,-0.012373999999999996
2021-07-15,-0.011653000000000024
2021-07-16,-0.010935000000000028
2021-07-17,-0.010222999999999982
2021-07-18,-0.009514000000000022
2021-07-19,-0.011267999999999945
2021-07-20,-0.013028999999999957
2021-07-21,-0.014792000000000027
2021-07-22,-0.016562999999999994
2021-07-23,-0.018338999999999994
2021-07-24,-0.020123000000000002
2021-07-25,-0.02191399999999999
2021-07-26,-0.023426000000000058
2021-07-27,-0.02494699999999994
2021-07-28,-0.026478000000000057
2021-07-29,-0.02801899999999996
2021-07-30,-0.02957000000000004
2021-07-31,-0.031132999999999966
2021-08-01,-0.032708000000000015
2021-08-02,-0.032513000000000014
2021-08-03,-0.032331
2021-08-04,-0.03215899999999999
2021-08-05,-0.032002
2021-08-06,-0.031856999999999996
2021-08-07,-0.031723
2021-08-08,-0.03160199999999999
2021-08-09,-0.03033200000000001
2021-08-10,-0.029074000000000003
2021-08-11,-0.027826699999999996
2021-08-12,-0.0265904
2021-08-13,-0.025364359999999996
2021-08-14,-0.024148040000000003
2021-08-15,-0.0229409
2021-08-16,-0.0224255
2021-08-17,-0.0219187
2021-08-18,-0.021420400000000006
2021-08-19,-0.02092999999999999
2021-08-20,-0.020448000000000008
2021-08-21,-0.019973999999999992
2021-08-22,-0.019506999999999997
2021-08-23,-0.019029000000000018
2021-08-24,-0.01855699999999999
2021-08-25,-0.018094
2021-08-26,-0.017635999999999985
2021-08-27,-0.017185000000000006
2021-08-28,-0.016742000000000035
2021-08-29,-0.01630499999999996
2021-08-30,-0.016253000000000017
2021-08-31,-0.016208
2021-09-01,-0.01616899999999999
2021-09-02,-0.014183000000000001
2021-09-03,-0.012203999999999993
2021-09-04,-0.010230000000000017
2021-09-05,-0.008257999999999988
2021-09-06,-0.005373000000000017
2021-09-07,-0.0024899999999999922
2021-09-08,0.0003909999999999747
2021-09-09,0.003273999999999999
2021-09-10,0.0061570000000000236
2021-09-11,0.009041999999999994
2021-09-12,0.011931999999999998
2021-09-13,0.015604000000000007
2021-09-14,0.01928200000000002
2021-09-15,0.02296799999999999
2021-09-16,0.026662999999999992
2021-09-17,0.030366999999999977
2021-09-18,0.03408400000000003
2021-09-19,0.037813999999999987
2021-09-20,0.040674000000000016
2021-09-21,0.04354999999999999
2021-09-22,0.046444
2021-09-23,0.0493546
2021-09-24,0.0522845
2021-09-25,0.055234599999999995
2021-09-26,0.0582063
2021-09-27,0.058740000000000014
2021-09-28,0.059296000000000015
2021-09-29,0.059874999999999956
2021-09-30,0.06047800000000003
2021-10-01,0.06110299999999996
2021-10-02,0.05694100000000002
2021-10-03,0.05279900000000004
2021-10-04,0.05000300000000002
2021-10-05,0.047222999999999904
2021-10-06,0.04446400000000006
2021-10-07,0.04172100000000001
2021-10-08,0.038992999999999944
2021-10-09,0.036282000000000036
2021-10-10,0.03358399999999995
2021-10-11,0.03197300000000003
2021-10-12,0.03037600000000007
2021-10-13,0.028789999999999982
2021-10-14,0.02721499999999999
2021-10-15,0.02564999999999995
2021-10-16,0.024094999999999978
2021-10-17,0.02255000000000007
2021-10-18,0.020000000000000018
2021-10-19,0.01746000000000003
2021-10-20,0.014929999999999888
2021-10-21,0.012390000000000123
2021-10-22,0.009879999999999889
2021-10-23,0.007349999999999968
2021-10-24,0.004830000000000112
2021-10-25,0.0030200000000000227
2021-10-26,0.0011900000000000244
2021-10-27,-0.0006300000000001305
2021-10-28,-0.0024399999999999977
2021-10-29,-0.004269999999999996
2021-10-30,-0.006089999999999929
2021-10-31,-0.00792000000000015
2021-11-01,-0.009889999999999954
2021-11-02,-0.010580000000000034
2021-11-03,-0.011269999999999891
2021-11-04,-0.011970000000000036
2021-11-05,-0.012669999999999959
2021-11-06,-0.013370000000000104
2021-11-07,-0.01407999999999987
2021-11-08,-0.014510000000000023
2021-11-09,-0.014939999999999953
2021-11-10,-0.015376000000000056
2021-11-11,-0.015819000000000027
2021-11-12,-0.01626799999999995
2021-11-13,-0.016723000000000043
2021-11-14,-0.017183999999999977
2021-11-15,-0.018656000000000006
2021-11-16,-0.020135000000000014
2021-11-17,-0.021619999999999973
2021-11-18,-0.023116000000000025
2021-11-19,-0.024618999999999946
2021-11-20,-0.026132000000000044
2021-11-21,-0.027656000000000014
2021-11-22,-0.028164999999999996
2021-11-23,-0.02868599999999999
2021-11-24,-0.02921700000000005
2021-11-25,-0.029760999999999926
2021-11-26,-0.03031499999999998
2021-11-27,-0.030882000000000076
2021-11-28,-0.031459000000000015
2021-11-29,-0.032658999999999994
2021-11-30,-0.033869999999999956
2021-12-01,-0.03509499999999999
2021-12-02,-0.03506900000000002
2021-12-03,-0.03505600000000003
2021-12-04,-0.035055
2021-12-05,-0.03506999999999999
2021-12-06,-0.03361799999999998
2021-12-07,-0.03217900000000001
2021-12-08,-0.030753000000000003
2021-12-09,-0.029337999999999975
2021-12-10,-0.027935000000000015
2021-12-11,-0.02654300000000001
2021-12-12,-0.025159999999999988
2021-12-13,-0.025354100000000004
2021-12-14,-0.025556599999999992
2021-12-15,-0.0257694
2021-12-16,-0.025992184
2021-12-17,-0.026224816
2021-12-18,-0.026467699999999997
2021-12-19,-0.026720800000000003
2021-12-20,-0.027157399999999998
2021-12-21,-0.027605000000000005
2021-12-22,-0.028063000000000005
2021-12-23,-0.028532000000000002
2021-12-24,-0.029011999999999982
2021-12-25,-0.029503
2021-12-26,-0.030005000000000004
2021-12-27,-0.02841300000000002
2021-12-28,-0.026832999999999996
2021-12-29,-0.025260999999999978
2021-12-30,-0.023702
2021-12-31,-0.02214900000000003
2022-01-01,-0.020605999999999958
2022-01-02,-0.017734000000000028
2022-01-03,-0.01520699999999997
2022-01-04,-0.012684000000000029
2022-01-05,-0.010166000000000008
2022-01-06,-0.007653999999999994
2022-01-07,-0.005143000000000009
2022-01-08,-0.0026339999999999697
2022-01-09,-0.000128000000000017
2022-01-10,0.0012849999999999806
2022-01-11,0.002699000000000007
2022-01-12,0.0041120000000000045
2022-01-13,0.005528000000000033
2022-01-14,0.006944999999999979
2022-01-15,0.008365999999999985
2022-01-16,0.009790000000000021
2022-01-17,0.011041999999999996
2022-01-18,0.012299000000000004
2022-01-19,0.01356099999999999
2022-01-20,0.014828000000000008
2022-01-21,0.016100000000000003
2022-01-22,0.017378000000000005
2022-01-23,0.018664999999999987
2022-01-24,0.019963999999999982
2022-01-25,0.02127100000000004
2022-01-26,0.022586999999999968
2022-01-27,0.023911000000000016
2022-01-28,0.02524399999999999
2022-01-29,0.026588
2022-01-30,0.02794100000000002
2022-01-31,0.028690999999999994
2022-02-01,0.02945299999999998
2022-02-02,0.02714700000000002
2022-02-03,0.0248535
2022-02-04,0.022568199999999997
2022-02-05,0.0202918
2022-02-06,0.0180234
2022-02-07,0.01772381
2022-02-08,0.017431090000000003
2022-02-09,0.0171451
2022-02-10,0.016865699999999997
2022-02-11,0.016592699999999995
2022-02-12,0.016326300000000002
2022-02-13,0.01606640000000001
2022-02-14,0.014372999999999997
2022-02-15,0.012685000000000002
2022-02-16,0.011002999999999985
2022-02-17,0.009323999999999999
2022-02-18,0.007650000000000018
2022-02-19,0.005976999999999982
2022-02-20,0.004308000000000006
2022-02-21,0.0024530000000000107
2022-02-22,0.0005979999999999874
2022-02-23,-0.0012559999999999794
2022-02-24,-0.0031100000000000017
2022-02-25,-0.004965999999999998
2022-02-26,-0.0068240000000000245
2022-02-27,-0.008683999999999997
2022-02-28,-0.009405999999999998
2022-03-01,-0.010131000000000001
2022-03-02,-0.009456999999999993
2022-03-03,-0.008787000000000003
2022-03-04,-0.008120299999999997
2022-03-05,-0.0074567999999999995
2022-03-06,-0.0067959999999999965
2022-03-07,-0.006891300000000003
2022-03-08,-0.006989300000000004
2022-03-09,-0.007089899999999996
2022-03-10,-0.0071933
2022-03-11,-0.0072993999999999976
2022-03-12,-0.0074084000000000025
2022-03-13,-0.007520199999999998
2022-03-14,-0.007826100000000002
2022-03-15,-0.008135
2022-03-16,-0.008447099999999999
2022-03-17,-0.00876236
2022-03-18,-0.00908104
2022-03-19,-0.009403199999999999
2022-03-20,-0.009729000000000002
2022-03-21,-0.009404799999999998
2022-03-22,-0.009084000000000002
2022-03-23,-0.008766900000000001
2022-03-24,-0.008453099999999998
2022-03-25,-0.0081426
2022-03-26,-0.007835099999999998
2022-03-27,-0.007530800000000004
2022-03-28,-0.007452600000000004
2022-03-29,-0.007377399999999992
2022-03-30,-0.007304000000000005
2022-03-31,-0.007235000000000005
2022-04-01,-0.007167999999999994
2022-04-02,-0.007353000000000012
2022-04-03,-0.007541999999999993
2022-04-04,-0.007692000000000004
2022-04-05,-0.007847999999999994
2022-04-06,-0.008003999999999983
2022-04-07,-0.008165000000000006
2022-04-08,-0.008328000000000002
2022-04-09,-0.008495000000000003
2022-04-10,-0.008665000000000006
2022-04-11,-0.009201999999999988
2022-04-12,-0.009742
2022-04-13,-0.010285000000000016
2022-04-14,-0.010833999999999983
2022-04-15,-0.011385000000000006
2022-04-16,-0.01194199999999998
2022-04-17,-0.012503000000000042
2022-04-18,-0.012772999999999979
2022-04-19,-0.013046000000000002
2022-04-20,-0.013326000000000005
2022-04-21,-0.013610000000000011
2022-04-22,-0.013898999999999995
2022-04-23,-0.014195000000000013
2022-04-24,-0.01449499999999998
2022-04-25,-0.014452999999999994
2022-04-26,-0.014417000000000013
2022-04-27,-0.01438600000000001
2022-04-28,-0.014359999999999984
2022-04-29,-0.014340999999999993
2022-04-30,-0.014326999999999979
2022-05-01,-0.014317999999999997
2022-05-02,-0.014182000000000028
2022-05-03,-0.014050000000000007
2022-05-04,-0.01392500000000002
2022-05-05,-0.013803999999999927
2022-05-06,-0.013690000000000091
2022-05-07,-0.013579000000000008
2022-05-08,-0.013474999999999904
2022-05-09,-0.012013000000000051
2022-05-10,-0.010553999999999952
2022-05-11,-0.009101000000000026
2022-05-12,-0.007650000000000046
2022-05-13,-0.0062029999999999585
2022-05-14,-0.00475800000000004
2022-05-15,-0.003314999999999957
2022-05-16,-0.0031999999999999806
2022-05-17,-0.0030839999999999756
2022-05-18,-0.0029720000000000857
2022-05-19,-0.002858999999999945
2022-05-20,-0.0027490000000000014
2022-05-21,-0.002638000000000029
2022-05-22,-0.0025290000000000035
2022-05-23,-0.0023929999999999785
2022-05-24,-0.0022570000000000645
2022-05-25,-0.0021219999999999573
2022-05-26,-0.001986999999999961
2022-05-27,-0.0018540000000000223
2022-05-28,-0.0017220000000000013
2022-05-29,-0.0015899999999999803
2022-05-30,-0.0003509999999999902
2022-05-31,0.0008849999999999136
2022-06-01,0.0021240000000000148
2022-06-02,0.0037440000000000806
2022-06-03,0.005364999999999953
2022-06-04,0.006989000000000023
2022-06-05,0.008614999999999928
2022-06-06,0.009596000000000049
2022-06-07,0.010580000000000034
2022-06-08,0.011568000000000023
2022-06-09,0.012561999999999962
2022-06-10,0.013558999999999988
2022-06-11,0.014561999999999964
2022-06-12,0.015570000000000084
2022-06-13,0.01673099999999994
2022-06-14,0.01789799999999997
2022-06-15,0.019072000000000033
2022-06-16,0.02025300000000002
2022-06-17,0.02144199999999996
2022-06-18,0.02263900000000002
2022-06-19,0.02384599999999998
2022-06-20,0.024857000000000018
2022-06-21,0.025880999999999987
2022-06-22,0.026912000000000047
2022-06-23,0.02795599999999998
2022-06-24,0.029009000000000007
2022-06-25,0.03007299999999999
2022-06-26,0.031149999999999983
2022-06-27,0.03243900000000002
2022-06-28,0.03373999999999999
2022-06-29,0.035055699999999995
2022-06-30,0.036383700000000005
2022-07-01,0.03772589999999999
2022-07-02,0.0360067
2022-07-03,0.0343013
2022-07-04,0.03268200000000001
2022-07-05,0.031075699999999998
2022-07-06,0.029480000000000006
2022-07-07,0.027896999999999977
2022-07-08,0.026325000000000015
2022-07-09,0.024761000000000005
2022-07-10,0.02320899999999998
2022-07-11,0.021642000000000022
2022-07-12,0.02008199999999999
2022-07-13,0.01852999999999999
2022-07-14,0.016986
2022-07-15,0.015448000000000017
2022-07-16,0.013915999999999984
2022-07-17,0.012388999999999983
2022-07-18,0.011014000000000024
2022-07-19,0.00964100000000001
2022-07-20,0.008272999999999975
2022-07-21,0.006908000000000025
2022-07-22,0.005545999999999995
2022-07-23,0.0041859999999999675
2022-07-24,0.002827000000000024
2022-07-25,0.0016559999999999908
2022-07-26,0.0004850000000000132
2022-07-27,-0.0006860000000000199
2022-07-28,-0.0018559999999999688
2022-07-29,-0.003027000000000002
2022-07-30,-0.004200000000000037
2022-07-31,-0.005374999999999963
2022-08-01,-0.007261999999999991
2022-08-02,-0.007274000000000003
2022-08-03,-0.007288000000000017
2022-08-04,-0.007307000000000008
2022-08-05,-0.007326999999999972
2022-08-06,-0.007350999999999996
2022-08-07,-0.007376000000000049
2022-08-08,-0.007107999999999948
2022-08-09,-0.0068410000000000415
2022-08-10,-0.0065769999999999995
2022-08-11,-0.0063149999999999595
2022-08-12,-0.006057000000000035
2022-08-13,-0.005799999999999972
2022-08-14,-0.005545000000000022
2022-08-15,-0.005433999999999994
2022-08-16,-0.005323000000000022
2022-08-17,-0.00521499999999997
2022-08-18,-0.00510900000000003
2022-08-19,-0.005005999999999955
2022-08-20,-0.004903000000000046
2022-08-21,-0.004803000000000002
2022-08-22,-0.004801999999999973
2022-08-23,-0.004805000000000004
2022-08-24,-0.004807000000000006
2022-08-25,-0.004813999999999985
2022-08-26,-0.004820000000000019
2022-08-27,-0.004830000000000001
2022-08-28,-0.004839999999999983
2022-08-29,-0.004819000000000018
2022-08-30,-0.004801
2022-08-31,-0.004781999999999981
2022-09-01,-0.004768000000000022
2022-09-02,-0.005048999999999998
2022-09-03,-0.005332000000000003
2022-09-04,-0.005618999999999985
2022-09-05,-0.006052000000000002
2022-09-06,-0.006486999999999993
2022-09-07,-0.0069240000000000135
2022-09-08,-0.007364999999999983
2022-09-09,-0.007808000000000009
2022-09-10,-0.008255000000000012
2022-09-11,-0.008702999999999989
2022-09-12,-0.008590999999999988
2022-09-13,-0.008480000000000015
2022-09-14,-0.008372999999999992
2022-09-15,-0.00827
2022-09-16,-0.00816900000000001
2022-09-17,-0.008071999999999996
2022-09-18,-0.007977700000000004
2022-09-19,-0.008783600000000003
2022-09-20,-0.009592699999999996
2022-09-21,-0.010405699999999997
2022-09-22,-0.011222500000000003
2022-09-23,-0.0120438
2022-09-24,-0.012869699999999998
2022-09-25,-0.01370055
2022-09-26,-0.01313117
2022-09-27,-0.012566879999999999
2022-09-28,-0.012007400000000001
2022-09-29,-0.0114526
2022-09-30,-0.010902099999999998
2022-10-01,-0.010356000000000004
2022-10-02,-0.009777199999999993
2022-10-03,-0.009817699999999999
2022-10-04,-0.00986200000000001
2022-10-05,-0.009910199999999994
2022-10-06,-0.0099625
2022-10-07,-0.010017999999999999
2022-10-08,-0.010077000000000003
2022-10-09,-0.010141000000000011
2022-10-10,-0.010661999999999977
2022-10-11,-0.011185
2022-10-12,-0.011715000000000003
2022-10-13,-0.012248000000000009
2022-10-14,-0.01278499999999999
2022-10-15,-0.013329000000000008
2022-10-16,-0.013877
2022-10-17,-0.014090999999999992
2022-10-18,-0.01431099999999999
2022-10-19,-0.01453500000000002
2022-10-20,-0.014766999999999975
2022-10-21,-0.015003000000000044
2022-10-22,-0.015245999999999982
2022-10-23,-0.015494000000000008
2022-10-24,-0.015758999999999967
2022-10-25,-0.016031000000000017
2022-10-26,-0.016309000000000018
2022-10-27,-0.01659299999999997
2022-10-28,-0.016883000000000037
2022-10-29,-0.017179999999999973
2022-10-30,-0.017484
2022-10-31,-0.017762
2022-11-01,-0.01804800000000001
2022-11-02,-0.017647000000000024
2022-11-03,-0.017254999999999965
2022-11-04,-0.016867999999999994
2022-11-05,-0.016488000000000058
2022-11-06,-0.01611499999999999
2022-11-07,-0.015668999999999933
2022-11-08,-0.01522800000000002
2022-11-09,-0.014793999999999974
2022-11-10,-0.01436599999999999
2022-11-11,-0.01394200000000001
2022-11-12,-0.01352500000000001
2022-11-13,-0.013113000000000041
2022-11-14,-0.012396999999999991
2022-11-15,-0.011687000000000003
2022-11-16,-0.010981000000000019
2022-11-17,-0.010278999999999927
2022-11-18,-0.00958200000000009
2022-11-19,-0.008886999999999978
2022-11-20,-0.008198000000000039
2022-11-21,-0.008443999999999896
2022-11-22,-0.008696000000000037
2022-11-23,-0.008950000000000014
2022-11-24,-0.009206999999999965
2022-11-25,-0.00946900000000006
2022-11-26,-0.009732999999999992
2022-11-27,-0.010001999999999955
2022-11-28,-0.00980100000000006
2022-11-29,-0.009603999999999946
2022-11-30,-0.009411000000000058
2022-12-01,-0.009220999999999924
2022-12-02,-0.007108000000000003
2022-12-03,-0.004997000000000029
2022-12-04,-0.0028890000000000304
2022-12-05,-0.0007829999999999782
2022-12-06,0.001322999999999963
2022-12-07,0.0034290000000000154
2022-12-08,0.005538000000000043
2022-12-09,0.007646999999999959
2022-12-10,0.009759999999999991
2022-12-11,0.011877000000000026
2022-12-12,0.013963999999999976
2022-12-13,0.016056999999999988
2022-12-14,0.01815600000000006
2022-12-15,0.020262000000000002
2022-12-16,0.022374999999999923
2022-12-17,0.024497000000000102
2022-12-18,0.026628999999999903
2022-12-19,0.02861400000000003
2022-12-20,0.03060799999999997
2022-12-21,0.03261600000000009
2022-12-22,0.034636
2022-12-23,0.03666799999999992
2022-12-24,0.03871600000000003
2022-12-25,0.040778000000000036
2022-12-26,0.04288399999999998
2022-12-27,0.04500700000000002
2022-12-28,0.047146999999999994
2022-12-29,0.04930599999999999
2022-12-30,0.051482
2022-12-31,0.053680000000000005
2023-01-01,0.055897899999999986
2023-01-02,0.053041700000000004
2023-01-03,0.050206100000000004
2023-01-04,0.04739
2023-01-05,0.0445923
2023-01-06,0.04181099999999999
2023-01-07,0.039047
2023-01-08,0.036297000000000024
2023-01-09,0.03323699999999999
2023-01-10,0.030189999999999995
2023-01-11,0.02715400000000001
2023-01-12,0.02412900000000001
2023-01-13,0.021113999999999966
2023-01-14,0.018105000000000038
2023-01-15,0.015105999999999953
2023-01-16,0.01225200000000004
2023-01-17,0.009403999999999968
2023-01-18,0.00656000000000001
2023-01-19,0.003717999999999999
2023-01-20,0.0008770000000000167
2023-01-21,-0.0019629999999999925
2023-01-22,-0.004803000000000002
2023-01-23,-0.007740999999999998
2023-01-24,-0.010682000000000025
2023-01-25,-0.013625999999999971
2023-01-26,-0.016576000000000035
2023-01-27,-0.019531999999999994
2023-01-28,-0.022496000000000016
2023-01-29,-0.02546799999999999
2023-01-30,-0.02766799999999997
2023-01-31,-0.029877000000000015
2023-02-01,-0.03209799999999999
2023-02-02,-0.030737000000000014
2023-02-03,-0.029386999999999996
2023-02-04,-0.02804899999999999
2023-02-05,-0.026720800000000003
2023-02-06,-0.025945300000000004
2023-02-07,-0.025179800000000002
2023-02-08,-0.0244238
2023-02-09,-0.023677382
2023-02-10,-0.022940018
2023-02-11,-0.022211500000000002
2023-02-12,-0.021491599999999993
2023-02-13,-0.021017900000000006
2023-02-14,-0.020551899999999998
2023-02-15,-0.020095000000000002
2023-02-16,-0.019644999999999996
2023-02-17,-0.019202999999999998
2023-02-18,-0.018767000000000006
2023-02-19,-0.018339999999999995
2023-02-20,-0.01816100000000001
2023-02-21,-0.017988000000000004
2023-02-22,-0.017823000000000006
2023-02-23,-0.017664000000000013
2023-02-24,-0.017513
2023-02-25,-0.017367999999999995
2023-02-26,-0.017228999999999994
2023-02-27,-0.015954999999999997
2023-02-28,-0.014685999999999977
2023-03-01,-0.013423000000000018
2023-03-02,-0.011736999999999997
2023-03-03,-0.010054000000000007
2023-03-04,-0.008376999999999968
2023-03-05,-0.0067010000000000125
2023-03-06,-0.0061329999999999996
2023-03-07,-0.005566999999999989
2023-03-08,-0.0050020000000000064
2023-03-09,-0.0044399999999999995
2023-03-10,-0.0038799999999999946
2023-03-11,-0.003320000000000045
2023-03-12,-0.00276299999999996
2023-03-13,-0.0016329999999999956
2023-03-14,-0.0005030000000000312
2023-03-15,0.0006249999999999867
2023-03-16,0.0017560000000000353
2023-03-17,0.002884999999999971
2023-03-18,0.004017000000000048
2023-03-19,0.005148999999999959
2023-03-20,0.006162000000000001
2023-03-21,0.007176999999999989
2023-03-22,0.008195000000000008
2023-03-23,0.009216000000000002
2023-03-24,0.010241
2023-03-25,0.011269000000000029
2023-03-26,0.01230199999999998
2023-03-27,0.012456999999999996
2023-03-28,0.012618999999999991
2023-03-29,0.012783000000000044
2023-03-30,0.012954999999999994
2023-03-31,0.013129999999999975
2023-04-01,0.013309999999999989
2023-04-02,0.012165000000000037
2023-04-03,0.011909999999999976
2023-04-04,0.011661000000000005
2023-04-05,0.01141600000000001
2023-04-06,0.01117499999999999
2023-04-07,0.010939000000000004
2023-04-08,0.010705999999999993
2023-04-09,0.010478999999999988
2023-04-10,0.010267000000000026
2023-04-11,0.010060999999999987
2023-04-12,0.009857000000000005
2023-04-13,0.009659000000000001
2023-04-14,0.009461999999999998
2023-04-15,0.009271000000000001
2023-04-16,0.009083000000000008
2023-04-17,0.008057999999999982
2023-04-18,0.007037000000000002
2023-04-19,0.0060190000000000105
2023-04-20,0.0050029999999999936
2023-04-21,0.003988199999999997
2023-04-22,0.0029758000000000007
2023-04-23,0.001964300000000002
2023-04-24,0.0018340000000000023
2023-04-25,0.001704299999999992
2023-04-26,0.0015755000000000075
2023-04-27,0.0014470000000000038
2023-04-28,0.0013192999999999955
2023-04-29,0.0011918999999999957
2023-04-30,0.0010652000000000023
2023-05-01,0.0012140000000000067
2023-05-02,0.0008285999999999988
2023-05-03,0.00044359999999998845
2023-05-04,5.8700000000008745e-05
2023-05-05,-0.00032609999999999584
2023-05-06,-0.0007111000000000062
2023-05-07,-0.0010963999999999974
2023-05-08,-0.0019631000000000093
2023-05-09,-0.0028305999999999887
2023-05-10,-0.0036991000000000107
2023-05-11,-0.0045691999999999955
2023-05-12,-0.005440799999999996
2023-05-13,-0.006315000000000001
2023-05-14,-0.007191000000000003
2023-05-15,-0.007985999999999993
2023-05-16,-0.008785000000000015
2023-05-17,-0.009585999999999983
2023-05-18,-0.010392000000000012
2023-05-19,-0.011200999999999989
2023-05-20,-0.012014999999999998
2023-05-21,-0.012833000000000011
2023-05-22,-0.013576000000000005
2023-05-23,-0.014322000000000001
2023-05-24,-0.015074000000000004
2023-05-25,-0.015832999999999986
2023-05-26,-0.016597999999999974
2023-05-27,-0.01736800000000005
2023-05-28,-0.018145999999999995
2023-05-29,-0.018044000000000004
2023-05-30,-0.017948999999999993
2023-05-31,-0.01786099999999996
2023-06-01,-0.017780000000000018
2023-06-02,-0.014934000000000003
2023-06-03,-0.01209300000000002
2023-06-04,-0.00925699999999996
2023-06-05,-0.00725600000000004
2023-06-06,-0.005256999999999956
2023-06-07,-0.0032600000000000406
2023-06-08,-0.0012649999999999606
2023-06-09,0.0007299999999999529
2023-06-10,0.002726000000000006
2023-06-11,0.004722000000000004
2023-06-12,0.00655
2023-06-13,0.008382
2023-06-14,0.010216000000000003
2023-06-15,0.012054999999999982
2023-06-16,0.013897000000000048
2023-06-17,0.015744999999999953
2023-06-18,0.017600000000000005
2023-06-19,0.018401
2023-06-20,0.01920900000000003
2023-06-21,0.02002499999999996
2023-06-22,0.020848000000000033
2023-06-23,0.021679000000000004
2023-06-24,0.022518999999999983
2023-06-25,0.023367
2023-06-26,0.025695999999999997
2023-06-27,0.028034000000000003
2023-06-28,0.030382700000000012
2023-06-29,0.03274379999999999
2023-06-30,0.03511720000000001
2023-07-01,0.037504159999999995
2023-07-02,0.03601634
2023-07-03,0.033415799999999996
2023-07-04,0.030828000000000008
2023-07-05,0.028252999999999986
2023-07-06,0.025687000000000015
2023-07-07,0.023132999999999987
2023-07-08,0.02058600000000002
2023-07-09,0.01804899999999998
2023-07-10,0.016185000000000005
2023-07-11,0.014329000000000008
2023-07-12,0.012477999999999989
2023-07-13,0.010631000000000002
2023-07-14,0.008788999999999991
2023-07-15,0.006950999999999985
2023-07-16,0.005114000000000007
2023-07-17,0.0033270000000000244
2023-07-18,0.0015430000000000166
2023-07-19,-0.00024200000000001998
2023-07-20,-0.002027000000000001
2023-07-21,-0.003811999999999982
2023-07-22,-0.005599000000000021
2023-07-23,-0.007388000000000006
2023-07-24,-0.008782000000000012
2023-07-25,-0.010180999999999996
2023-07-26,-0.011581999999999981
2023-07-27,-0.012989
2023-07-28,-0.014399999999999996
2023-07-29,-0.015816999999999998
2023-07-30,-0.017240000000000005
2023-07-31,-0.018269000000000007
2023-08-01,-0.019303999999999988
2023-08-02,-0.017460000000000003
2023-08-03,-0.01562100000000001
2023-08-04,-0.013788999999999996
2023-08-05,-0.011962600000000004
2023-08-06,-0.010139999999999996
2023-08-07,-0.009563600000000005
2023-08-08,-0.008990899999999996
2023-08-09,-0.008421600000000001
2023-08-10,-0.007855799999999996
2023-08-11,-0.007292800000000002
2023-08-12,-0.006732599999999998
2023-08-13,-0.006175099999999999
2023-08-14,-0.005502200000000002
2023-08-15,-0.0048313
2023-08-16,-0.004162399999999998
2023-08-17,-0.003495
2023-08-18,-0.0028290499999999996
2023-08-19,-0.0021640800000000005
2023-08-20,-0.0014999900000000005
2023-08-21,-0.0008458299999999997
2023-08-22,-0.0001920200000000002
2023-08-23,0.0004617300000000005
2023-08-24,0.00111566
2023-08-25,0.0017700099999999998
2023-08-26,0.0024250600000000006
2023-08-27,0.0030810099999999986
2023-08-28,0.003777299999999999
2023-08-29,0.004475100000000003
2023-08-30,0.005174599999999998
2023-08-31,0.005875999999999999
2023-09-01,0.006579800000000004
2023-09-02,0.005438999999999999
2023-09-03,0.004300499999999999
2023-09-04,0.0033834999999999976
2023-09-05,0.002467799999999999
2023-09-06,0.0015531000000000017
2023-09-07,0.0006389000000000047
2023-09-08,-0.00027490000000000153
2023-09-09,-0.0011890000000000026
2023-09-10,-0.0021033000000000024
2023-09-11,-0.0037384999999999988
2023-09-12,-0.005375199999999997
2023-09-13,-0.007013700000000005
2023-09-14,-0.008655199999999998
2023-09-15,-0.010299899999999997
2023-09-16,-0.011948490000000003
2023-09-17,-0.01360182
2023-09-18,-0.014394889999999999
2023-09-19,-0.015193499999999999
2023-09-20,-0.015997900000000002
2023-09-21,-0.016808600000000007
2023-09-22,-0.017625699999999994
2023-09-23,-0.018449599999999997
2023-09-24,-0.019281000000000006
2023-09-25,-0.020130999999999982
2023-09-26,-0.020989000000000008
2023-09-27,-0.021856000000000014
2023-09-28,-0.022731
2023-09-29,-0.023614999999999997
2023-09-30,-0.024507
2023-10-01,-0.025409000000000015
2023-10-02,-0.023909999999999987
2023-10-03,-0.022417999999999993
2023-10-04,-0.020936999999999983
2023-10-05,-0.019463000000000008
2023-10-06,-0.017996000000000012
2023-10-07,-0.016535999999999995
2023-10-08,-0.015083000000000013
2023-10-09,-0.013832999999999984
2023-10-10,-0.012589000000000017
2023-10-11,-0.01134799999999997
2023-10-12,-0.010113000000000039
2023-10-13,-0.008882000000000001
2023-10-14,-0.007652999999999965
2023-10-15,-0.006427999999999989
2023-10-16,-0.0043239999999999945
2023-10-17,-0.0022230000000000305
2023-10-18,-0.00012200000000001099
2023-10-19,0.0019790000000000085
2023-10-20,0.004080000000000028
2023-10-21,0.006183999999999967
2023-10-22,0.00828899999999999
2023-10-23,0.01005900000000004
2023-10-24,0.011831999999999954
2023-10-25,0.01361100000000004
2023-10-26,0.015393999999999963
2023-10-27,0.017183000000000004
2023-10-28,0.018979000000000024
2023-10-29,0.020782999999999996
2023-10-30,0.022479000000000027
2023-10-31,0.024184999999999957
2023-11-01,0.025900000000000034
2023-11-02,0.024832999999999994
2023-11-03,0.023776999999999993
2023-11-04,0.02273
2023-11-05,0.02169199999999999
2023-11-06,0.021217000000000014
2023-11-07,0.02074999999999999
2023-11-08,0.020291000000000003
2023-11-09,0.019839999999999997
2023-11-10,0.019396999999999998
2023-11-11,0.018961500000000006
2023-11-12,0.018532800000000002
2023-11-13,0.016930499999999994
2023-11-14,0.0153347
2023-11-15,0.013744900000000004
2023-11-16,0.012160249999999997
2023-11-17,0.01058038
2023-11-18,0.00900457
2023-11-19,0.0074322
2023-11-20,0.0065235000000000015
2023-11-21,0.005617399999999998
2023-11-22,0.004713300000000004
2023-11-23,0.0038112000000000007
2023-11-24,0.0029103999999999935
2023-11-25,0.002010900000000003
2023-11-26,0.001111899999999999
2023-11-27,0.0003490000000000021
2023-11-28,-0.0004139999999999977
2023-11-29,-0.0011770000000000044
2023-11-30,-0.0019406000000000007
2023-12-01,-0.002704899999999996
2023-12-02,-0.0033527
2023-12-03,-0.0040018
2023-12-04,-0.005279600000000002
2023-12-05,-0.006559499999999999
2023-12-06,-0.0078418
2023-12-07,-0.00912719
2023-12-08,-0.010416080000000001
2023-12-09,-0.011709029999999999
2023-12-10,-0.013006400000000001
2023-12-11,-0.013749599999999997
2023-12-12,-0.0144981
2023-12-13,-0.015252200000000007
2023-12-14,-0.01601219999999999
2023-12-15,-0.016778700000000007
2023-12-16,-0.017549999999999996
2023-12-17,-0.018331000000000014
2023-12-18,-0.018949999999999995
2023-12-19,-0.019576999999999983
2023-12-20,-0.020211000000000007
2023-12-21,-0.02085400000000001
2023-12-22,-0.021504999999999996
2023-12-23,-0.02216299999999999
2023-12-24,-0.022830000000000017
2023-12-25,-0.02445900000000001
2023-12-26,-0.02609699999999998
2023-12-27,-0.02774500000000002
2023-12-28,-0.02940499999999996
2023-12-29,-0.031074000000000046
2023-12-30,-0.03275599999999995
2023-12-31,-0.03445100000000001
