Date,EPU Change
2017-01-02,238.0999999999999
2017-01-03,-318.7099999999999
2017-01-04,143.19999999999993
2017-01-05,-42.19999999999993
2017-01-06,17.16999999999996
2017-01-07,-163.39
2017-01-08,-84.90000000000003
2017-01-09,18.620000000000005
2017-01-10,139.77000000000004
2017-01-11,-23.99000000000001
2017-01-12,-85.63
2017-01-13,8.0
2017-01-14,-25.110000000000014
2017-01-15,50.00999999999999
2017-01-16,171.64
2017-01-17,116.83000000000004
2017-01-18,-220.96000000000004
2017-01-19,-187.97999999999996
2017-01-20,163.26999999999992
2017-01-21,-306.92999999999995
2017-01-22,178.59000000000003
2017-01-23,-12.78000000000003
2017-01-24,-115.20999999999998
2017-01-25,188.84999999999997
2017-01-26,-171.45
2017-01-27,-72.10999999999999
2017-01-28,123.25999999999996
2017-01-29,-78.07
2017-01-30,54.85000000000002
2017-01-31,28.170000000000016
2017-02-01,95.32999999999998
2017-02-02,-166.45999999999998
2017-02-03,281.51
2017-02-04,-295.21000000000004
2017-02-05,228.65000000000003
2017-02-06,152.45
2017-02-07,-206.68
2017-02-08,-13.54000000000002
2017-02-09,-103.13999999999999
2017-02-10,101.43
2017-02-11,-167.18
2017-02-12,16.340000000000032
2017-02-13,114.40999999999997
2017-02-14,135.46000000000004
2017-02-15,119.24000000000001
2017-02-16,-279.52000000000004
2017-02-17,44.75
2017-02-18,250.41000000000003
2017-02-19,-446.05
2017-02-20,67.88
2017-02-21,135.48000000000002
2017-02-22,80.93
2017-02-23,-56.400000000000034
2017-02-24,-21.409999999999968
2017-02-25,-135.33000000000004
2017-02-26,-5.349999999999966
2017-02-27,155.20999999999998
2017-02-28,275.35999999999996
2017-03-01,-147.29999999999995
2017-03-02,37.210000000000036
2017-03-03,-353.98
2017-03-04,126.02000000000001
2017-03-05,35.27999999999997
2017-03-06,-13.17999999999995
2017-03-07,15.009999999999991
2017-03-08,165.16999999999996
2017-03-09,327.35
2017-03-10,-563.3199999999999
2017-03-11,-26.70999999999998
2017-03-12,-94.43000000000004
2017-03-13,370.75
2017-03-14,403.87
2017-03-15,-602.41
2017-03-16,11.439999999999998
2017-03-17,-64.57999999999998
2017-03-18,-66.93
2017-03-19,56.27999999999997
2017-03-20,-13.419999999999959
2017-03-21,-3.660000000000025
2017-03-22,310.89
2017-03-23,-86.80999999999995
2017-03-24,-226.72000000000003
2017-03-25,-75.78
2017-03-26,-48.670000000000016
2017-03-27,210.21
2017-03-28,-69.08999999999997
2017-03-29,90.47999999999996
2017-03-30,-232.30999999999997
2017-03-31,262.53
2017-04-01,-314.01
2017-04-02,692.97
2017-04-03,-298.7700000000001
2017-04-04,-208.88999999999993
2017-04-05,7.789999999999964
2017-04-06,-8.689999999999998
2017-04-07,-45.99000000000001
2017-04-08,-81.17999999999998
2017-04-09,165.08
2017-04-10,137.81
2017-04-11,-233.84000000000003
2017-04-12,27.629999999999995
2017-04-13,-14.439999999999998
2017-04-14,-101.76999999999998
2017-04-15,-0.020000000000010232
2017-04-16,150.26000000000002
2017-04-17,147.90999999999997
2017-04-18,-95.88999999999999
2017-04-19,156.91000000000003
2017-04-20,-257.95
2017-04-21,100.97999999999996
2017-04-22,-155.69
2017-04-23,56.629999999999995
2017-04-24,104.5
2017-04-25,-31.20999999999998
2017-04-26,31.100000000000023
2017-04-27,-117.27000000000004
2017-04-28,135.57
2017-04-29,-120.47999999999996
2017-04-30,-117.98000000000002
2017-05-01,64.13
2017-05-02,-71.22
2017-05-03,59.34
2017-05-04,3.6399999999999864
2017-05-05,185.62
2017-05-06,-288.78
2017-05-07,224.32999999999998
2017-05-08,98.95999999999998
2017-05-09,-218.49999999999997
2017-05-10,88.34
2017-05-11,208.3
2017-05-12,-153.15000000000003
2017-05-13,173.56
2017-05-14,-185.51999999999998
2017-05-15,21.310000000000002
2017-05-16,229.23999999999995
2017-05-17,1442.29
2017-05-18,-1484.06
2017-05-19,48.99000000000001
2017-05-20,-330.15
2017-05-21,-70.86000000000001
2017-05-22,264.13
2017-05-23,-50.39999999999998
2017-05-24,-175.21000000000004
2017-05-25,-3.0299999999999727
2017-05-26,-43.360000000000014
2017-05-27,-60.28999999999999
2017-05-28,50.870000000000005
2017-05-29,106.62999999999997
2017-05-30,102.46000000000004
2017-05-31,41.81999999999999
2017-06-01,127.81999999999994
2017-06-02,-125.57999999999993
2017-06-03,96.32999999999993
2017-06-04,-178.60999999999996
2017-06-05,97.48000000000002
2017-06-06,-97.37
2017-06-07,367.16
2017-06-08,-72.33000000000004
2017-06-09,103.15999999999997
2017-06-10,352.24
2017-06-11,-500.74
2017-06-12,211.6500000000001
2017-06-13,-171.69000000000005
2017-06-14,97.24000000000001
2017-06-15,-193.75
2017-06-16,-1.4500000000000455
2017-06-17,-103.04999999999995
2017-06-18,-81.48000000000002
2017-06-19,177.56000000000006
2017-06-20,133.3499999999999
2017-06-21,-108.13
2017-06-22,-0.16999999999995907
2017-06-23,296.33000000000004
2017-06-24,-369.85
2017-06-25,-189.43
2017-06-26,112.70999999999998
2017-06-27,42.870000000000005
2017-06-28,211.53999999999996
2017-06-29,-339.61999999999995
2017-06-30,466.09999999999997
2017-07-01,-66.66999999999996
2017-07-02,-445.5
2017-07-03,213.3
2017-07-04,-62.09000000000003
2017-07-05,-99.07
2017-07-06,19.279999999999973
2017-07-07,113.65000000000003
2017-07-08,45.06
2017-07-09,-160.94
2017-07-10,3.349999999999966
2017-07-11,-30.659999999999968
2017-07-12,315.38
2017-07-13,-373.0
2017-07-14,154.75
2017-07-15,-118.50999999999999
2017-07-16,-89.14000000000001
2017-07-17,61.190000000000026
2017-07-18,316.03000000000003
2017-07-19,-224.41000000000008
2017-07-20,-235.27999999999997
2017-07-21,226.85000000000002
2017-07-22,-138.23000000000002
2017-07-23,35.31999999999999
2017-07-24,22.20999999999998
2017-07-25,317.69000000000005
2017-07-26,59.07999999999993
2017-07-27,-226.94999999999993
2017-07-28,-25.960000000000036
2017-07-29,261.18000000000006
2017-07-30,-391.06000000000006
2017-07-31,241.89999999999998
2017-08-01,46.139999999999986
2017-08-02,-120.89999999999998
2017-08-03,-133.14999999999998
2017-08-04,368.36
2017-08-05,-343.25
2017-08-06,-111.51000000000002
2017-08-07,51.28999999999999
2017-08-08,153.43
2017-08-09,-59.089999999999975
2017-08-10,-58.48000000000002
2017-08-11,44.69
2017-08-12,-129.99
2017-08-13,-21.650000000000006
2017-08-14,236.48
2017-08-15,71.61000000000001
2017-08-16,25.16999999999996
2017-08-17,-78.15999999999997
2017-08-18,-238.07999999999998
2017-08-19,37.28000000000003
2017-08-20,-20.53000000000003
2017-08-21,-125.71
2017-08-22,93.61999999999999
2017-08-23,75.08000000000001
2017-08-24,180.71999999999997
2017-08-25,-68.96999999999997
2017-08-26,35.64999999999998
2017-08-27,-258.73
2017-08-28,114.42999999999998
2017-08-29,167.0
2017-08-30,-214.24999999999997
2017-08-31,-13.289999999999992
2017-09-01,161.83999999999997
2017-09-02,-150.48999999999998
2017-09-03,-46.150000000000006
2017-09-04,103.76999999999998
2017-09-05,342.56
2017-09-06,-55.09000000000003
2017-09-07,-25.00999999999999
2017-09-08,219.88
2017-09-09,-453.86999999999995
2017-09-10,-43.18000000000001
2017-09-11,4.1299999999999955
2017-09-12,62.34000000000003
2017-09-13,203.32999999999993
2017-09-14,46.8900000000001
2017-09-15,-188.19000000000005
2017-09-16,-94.79000000000002
2017-09-17,30.220000000000027
2017-09-18,-128.02
2017-09-19,188.63000000000002
2017-09-20,143.82
2017-09-21,-366.89
2017-09-22,176.73999999999998
2017-09-23,-18.22999999999996
2017-09-24,24.620000000000005
2017-09-25,-88.94
2017-09-26,107.40999999999997
2017-09-27,345.01000000000005
2017-09-28,-375.72
2017-09-29,-69.21000000000004
2017-09-30,27.610000000000014
2017-10-01,-27.370000000000005
2017-10-02,197.65000000000003
2017-10-03,-46.35000000000002
2017-10-04,-0.060000000000002274
2017-10-05,250.38
2017-10-06,-380.52
2017-10-07,-34.620000000000005
2017-10-08,110.93
2017-10-09,-126.26000000000002
2017-10-10,307.6500000000001
2017-10-11,-74.12000000000006
2017-10-12,-31.889999999999986
2017-10-13,81.81
2017-10-14,-208.17000000000002
2017-10-15,-62.77999999999997
2017-10-16,74.06
2017-10-17,148.25
2017-10-18,-123.97000000000003
2017-10-19,65.24000000000001
2017-10-20,-112.25
2017-10-21,132.14
2017-10-22,-265.22
2017-10-23,350.64
2017-10-24,-64.54999999999995
2017-10-25,-63.370000000000005
2017-10-26,-84.46999999999997
2017-10-27,-110.23000000000002
2017-10-28,269.38
2017-10-29,-295.38
2017-10-30,122.70999999999998
2017-10-31,121.19
2017-11-01,-169.87
2017-11-02,271.63000000000005
2017-11-03,198.14
2017-11-04,-94.57000000000005
2017-11-05,-343.78
2017-11-06,-274.89
2017-11-07,518.23
2017-11-08,-229.45000000000005
2017-11-09,53.72000000000003
2017-11-10,13.819999999999993
2017-11-11,123.45999999999998
2017-11-12,-310.39
2017-11-13,410.61
2017-11-14,154.75
2017-11-15,-335.66
2017-11-16,0.8300000000000409
2017-11-17,-118.73000000000002
2017-11-18,181.82999999999998
2017-11-19,-117.66999999999996
2017-11-20,134.77999999999997
2017-11-21,326.84000000000003
2017-11-22,22.909999999999968
2017-11-23,-73.01999999999998
2017-11-24,-218.44000000000005
2017-11-25,-208.34999999999997
2017-11-26,32.120000000000005
2017-11-27,-123.94
2017-11-28,222.5
2017-11-29,217.32000000000005
2017-11-30,-415.58000000000004
2017-12-01,-22.670000000000016
2017-12-02,-46.69
2017-12-03,69.5
2017-12-04,302.49
2017-12-05,-302.91
2017-12-06,151.44
2017-12-07,-122.25
2017-12-08,151.73000000000002
2017-12-09,311.55999999999995
2017-12-10,-405.31999999999994
2017-12-11,120.13
2017-12-12,-82.00999999999999
2017-12-13,-4.75
2017-12-14,84.50999999999999
2017-12-15,232.09000000000003
2017-12-16,-511.40000000000003
2017-12-17,-52.72
2017-12-18,105.67999999999998
2017-12-19,181.29000000000002
2017-12-20,53.93000000000001
2017-12-21,-187.41000000000003
2017-12-22,26.08000000000004
2017-12-23,-48.68000000000001
2017-12-24,109.57999999999998
2017-12-25,-390.22
2017-12-26,228.69
2017-12-27,189.95000000000002
2017-12-28,-88.56
2017-12-29,-60.710000000000036
2017-12-30,240.74
2017-12-31,-76.90999999999997
2018-01-01,191.38999999999993
2018-01-02,-231.24999999999994
2018-01-03,128.91000000000003
2018-01-04,-273.18000000000006
2018-01-05,265.08000000000004
2018-01-06,-134.89
2018-01-07,-338.71000000000004
2018-01-08,338.22
2018-01-09,36.849999999999966
2018-01-10,52.30000000000001
2018-01-11,-86.69999999999999
2018-01-12,99.95999999999998
2018-01-13,-189.21999999999997
2018-01-14,-85.19
2018-01-15,-75.61000000000001
2018-01-16,78.43
2018-01-17,304.55
2018-01-18,-79.97000000000003
2018-01-19,-197.85999999999999
2018-01-20,-54.22
2018-01-21,40.66999999999999
2018-01-22,58.46000000000001
2018-01-23,267.45
2018-01-24,-286.68
2018-01-25,-45.889999999999986
2018-01-26,136.64
2018-01-27,-185.67999999999998
2018-01-28,114.80999999999997
2018-01-29,194.87
2018-01-30,-200.95
2018-01-31,135.32
2018-02-01,-210.47
2018-02-02,83.6
2018-02-03,-14.550000000000011
2018-02-04,-29.74999999999997
2018-02-05,251.51000000000002
2018-02-06,-298.82000000000005
2018-02-07,1.4699999999999989
2018-02-08,105.49000000000001
2018-02-09,-79.03
2018-02-10,73.79999999999998
2018-02-11,-80.10999999999999
2018-02-12,-128.97
2018-02-13,201.51
2018-02-14,-45.079999999999984
2018-02-15,-38.860000000000014
2018-02-16,-47.359999999999985
2018-02-17,125.9
2018-02-18,-21.400000000000034
2018-02-19,21.840000000000032
2018-02-20,-99.63000000000002
2018-02-21,-0.6699999999999875
2018-02-22,149.20999999999998
2018-02-23,8.610000000000014
2018-02-24,-99.97999999999999
2018-02-25,55.41999999999999
2018-02-26,-79.01999999999998
2018-02-27,-73.37
2018-02-28,107.22999999999999
2018-03-01,197.98
2018-03-02,30.230000000000018
2018-03-03,-80.37
2018-03-04,-232.56
2018-03-05,95.93
2018-03-06,355.8
2018-03-07,-265.03000000000003
2018-03-08,-67.00999999999999
2018-03-09,151.83999999999997
2018-03-10,-192.00999999999996
2018-03-11,-167.13
2018-03-12,190.92000000000002
2018-03-13,298.33
2018-03-14,166.39999999999998
2018-03-15,-324.29999999999995
2018-03-16,-44.06
2018-03-17,-3.75
2018-03-18,-163.93
2018-03-19,29.909999999999997
2018-03-20,101.9
2018-03-21,27.79000000000002
2018-03-22,-42.5
2018-03-23,-12.370000000000005
2018-03-24,34.50999999999999
2018-03-25,-179.44
2018-03-26,98.95999999999998
2018-03-27,135.28000000000003
2018-03-28,-175.53000000000003
2018-03-29,81.41000000000003
2018-03-30,-138.82000000000002
2018-03-31,16.99000000000001
2018-04-01,6.289999999999992
2018-04-02,-16.099999999999994
2018-04-03,-5.090000000000003
2018-04-04,31.03
2018-04-05,32.19
2018-04-06,207.10999999999999
2018-04-07,-244.82
2018-04-08,-32.56999999999999
2018-04-09,18.650000000000006
2018-04-10,110.99999999999997
2018-04-11,34.950000000000045
2018-04-12,-191.99
2018-04-13,337.24
2018-04-14,-206.19
2018-04-15,-73.60000000000002
2018-04-16,120.80000000000001
2018-04-17,-20.53000000000003
2018-04-18,0.9500000000000455
2018-04-19,53.329999999999984
2018-04-20,-86.42000000000002
2018-04-21,-58.5
2018-04-22,-20.129999999999995
2018-04-23,15.469999999999999
2018-04-24,-18.049999999999983
2018-04-25,60.349999999999994
2018-04-26,-151.46
2018-04-27,150.03
2018-04-28,192.59
2018-04-29,-342.13
2018-04-30,43.03
2018-05-01,-0.9299999999999926
2018-05-02,159.93999999999997
2018-05-03,31.600000000000023
2018-05-04,-115.5
2018-05-05,85.91000000000003
2018-05-06,-26.510000000000048
2018-05-07,-39.359999999999985
2018-05-08,78.52000000000001
2018-05-09,116.73000000000002
2018-05-10,-90.14000000000004
2018-05-11,-40.73999999999995
2018-05-12,-89.36000000000001
2018-05-13,6.530000000000001
2018-05-14,72.98999999999998
2018-05-15,353.62000000000006
2018-05-16,-427.9000000000001
2018-05-17,-55.47
2018-05-18,126.06
2018-05-19,-37.50999999999999
2018-05-20,-59.47
2018-05-21,119.92999999999998
2018-05-22,36.410000000000025
2018-05-23,-64.22000000000003
2018-05-24,124.30000000000001
2018-05-25,105.22000000000003
2018-05-26,-76.17000000000002
2018-05-27,-264.15
2018-05-28,293.97
2018-05-29,-140.86
2018-05-30,242.26000000000005
2018-05-31,-169.42000000000002
2018-06-01,-116.44999999999999
2018-06-02,13.149999999999977
2018-06-03,3.8500000000000227
2018-06-04,-27.55000000000001
2018-06-05,147.53999999999996
2018-06-06,123.70999999999998
2018-06-07,-122.38999999999993
2018-06-08,-29.140000000000043
2018-06-09,-16.149999999999977
2018-06-10,-273.7
2018-06-11,316.09
2018-06-12,-70.44999999999999
2018-06-13,59.24000000000001
2018-06-14,-52.77000000000004
2018-06-15,111.05000000000001
2018-06-16,-184.52999999999997
2018-06-17,-94.25
2018-06-18,111.27999999999997
2018-06-19,78.57
2018-06-20,-61.079999999999984
2018-06-21,123.35000000000002
2018-06-22,-19.5
2018-06-23,-165.81
2018-06-24,152.53999999999996
2018-06-25,-80.88999999999999
2018-06-26,37.639999999999986
2018-06-27,21.30000000000001
2018-06-28,-95.39999999999998
2018-06-29,245.59999999999997
2018-06-30,-211.35999999999996
2018-07-01,-128.64000000000001
2018-07-02,104.53
2018-07-03,131.55
2018-07-04,15.029999999999973
2018-07-05,-14.639999999999986
2018-07-06,-49.09000000000003
2018-07-07,-90.08999999999997
2018-07-08,31.100000000000023
2018-07-09,-43.47000000000003
2018-07-10,-63.129999999999995
2018-07-11,34.650000000000006
2018-07-12,85.67999999999998
2018-07-13,1.650000000000034
2018-07-14,56.06999999999999
2018-07-15,-244.16
2018-07-16,53.309999999999974
2018-07-17,259.7
2018-07-18,-210.30999999999997
2018-07-19,50.46000000000001
2018-07-20,-84.33000000000001
2018-07-21,23.400000000000006
2018-07-22,-1.5
2018-07-23,35.25
2018-07-24,221.5
2018-07-25,51.56999999999999
2018-07-26,-432.73
2018-07-27,256.82000000000005
2018-07-28,66.27999999999997
2018-07-29,-257.53
2018-07-30,215.13000000000002
2018-07-31,30.099999999999966
2018-08-01,13.75
2018-08-02,143.65000000000003
2018-08-03,-3.2000000000000455
2018-08-04,-149.34999999999997
2018-08-05,-121.86000000000001
2018-08-06,260.06
2018-08-07,-216.04000000000002
2018-08-08,-127.25999999999999
2018-08-09,6.060000000000002
2018-08-10,-2.579999999999984
2018-08-11,111.42000000000002
2018-08-12,79.56
2018-08-13,-272.40000000000003
2018-08-14,81.63
2018-08-15,-27.359999999999985
2018-08-16,117.71000000000001
2018-08-17,15.449999999999989
2018-08-18,-153.39
2018-08-19,3.0600000000000023
2018-08-20,119.43
2018-08-21,-173.25
2018-08-22,94.96
2018-08-23,96.89999999999998
2018-08-24,-38.67999999999995
2018-08-25,17.589999999999975
2018-08-26,-71.21000000000001
2018-08-27,34.97
2018-08-28,79.16000000000003
2018-08-29,-19.379999999999995
2018-08-30,-48.870000000000005
2018-08-31,-147.85000000000002
2018-09-01,-47.989999999999995
2018-09-02,116.17
2018-09-03,70.32
2018-09-04,-79.43
2018-09-05,-85.24
2018-09-06,3.8500000000000085
2018-09-07,5.450000000000003
2018-09-08,52.269999999999996
2018-09-09,-18.78
2018-09-10,-50.730000000000004
2018-09-11,1.9000000000000057
2018-09-12,-43.11
2018-09-13,39.89999999999999
2018-09-14,-21.319999999999993
2018-09-15,38.86
2018-09-16,74.52000000000001
2018-09-17,-60.530000000000015
2018-09-18,56.69000000000001
2018-09-19,-45.45
2018-09-20,-16.540000000000006
2018-09-21,58.599999999999994
2018-09-22,-73.71
2018-09-23,81.73
2018-09-24,-9.180000000000007
2018-09-25,-41.3
2018-09-26,-51.64999999999999
2018-09-27,9.549999999999997
2018-09-28,19.36999999999999
2018-09-29,-7.5
2018-09-30,67.94
2018-10-01,63.21000000000001
2018-10-02,-45.75999999999999
2018-10-03,-11.77000000000001
2018-10-04,10.909999999999997
2018-10-05,-60.17999999999999
2018-10-06,0.20000000000000284
2018-10-07,104.13
2018-10-08,-101.56
2018-10-09,-34.69
2018-10-10,22.599999999999994
2018-10-11,-6.909999999999997
2018-10-12,34.5
2018-10-13,-31.099999999999994
2018-10-14,118.21000000000001
2018-10-15,-95.08000000000001
2018-10-16,42.28999999999999
2018-10-17,-37.019999999999996
2018-10-18,73.84000000000002
2018-10-19,-67.54000000000002
2018-10-20,-41.019999999999996
2018-10-21,67.74
2018-10-22,5.6299999999999955
2018-10-23,-88.12999999999998
2018-10-24,70.29
2018-10-25,47.91
2018-10-26,-65.21000000000001
2018-10-27,-18.5
2018-10-28,127.47
2018-10-29,-124.41
2018-10-30,-29.060000000000002
2018-10-31,39.03999999999999
2018-11-01,10.900000000000006
2018-11-02,-20.03
2018-11-03,30.170000000000016
2018-11-04,129.81
2018-11-05,-127.81
2018-11-06,61.109999999999985
2018-11-07,-114.58
2018-11-08,52.69000000000001
2018-11-09,-69.93
2018-11-10,3.75
2018-11-11,2.780000000000001
2018-11-12,35.489999999999995
2018-11-13,2.980000000000004
2018-11-14,-12.590000000000003
2018-11-15,-24.180000000000007
2018-11-16,1.1099999999999994
2018-11-17,-34.81999999999999
2018-11-18,101.38000000000001
2018-11-19,-113.64000000000001
2018-11-20,-1.1499999999999986
2018-11-21,57.17000000000001
2018-11-22,-58.03000000000001
2018-11-23,13.630000000000003
2018-11-24,43.879999999999995
2018-11-25,137.0
2018-11-26,-96.10999999999999
2018-11-27,32.97
2018-11-28,-29.24000000000001
2018-11-29,160.48999999999998
2018-11-30,-100.41999999999999
2018-12-01,-66.96000000000001
2018-12-02,185.15000000000003
2018-12-03,-43.31
2018-12-04,-141.12
2018-12-05,-30.05000000000001
2018-12-06,10.899999999999991
2018-12-07,20.739999999999995
2018-12-08,-26.189999999999984
2018-12-09,54.62999999999998
2018-12-10,-33.839999999999975
2018-12-11,-7.480000000000018
2018-12-12,-32.25999999999999
2018-12-13,84.75999999999999
2018-12-14,-2.2299999999999898
2018-12-15,-30.950000000000017
2018-12-16,137.81
2018-12-17,-133.98999999999998
2018-12-18,3.8799999999999955
2018-12-19,17.74000000000001
2018-12-20,-41.09000000000002
2018-12-21,46.489999999999995
2018-12-22,121.70000000000002
2018-12-23,77.02999999999997
2018-12-24,-150.2
2018-12-25,23.460000000000008
2018-12-26,87.53999999999999
2018-12-27,-107.56
2018-12-28,-14.47999999999999
2018-12-29,-20.039999999999992
2018-12-30,250.8
2018-12-31,-232.58
2019-01-01,68.66
2019-01-02,-15.560000000000002
2019-01-03,-1.25
2019-01-04,-57.83000000000001
2019-01-05,-5.389999999999986
2019-01-06,81.79999999999998
2019-01-07,-56.19999999999999
2019-01-08,130.57999999999998
2019-01-09,-169.17999999999998
2019-01-10,61.25999999999999
2019-01-11,18.830000000000013
2019-01-12,12.870000000000005
2019-01-13,-24.560000000000002
2019-01-14,101.99000000000001
2019-01-15,-90.47000000000003
2019-01-16,-49.75
2019-01-17,6.320000000000022
2019-01-18,10.45999999999998
2019-01-19,-41.599999999999994
2019-01-20,84.59000000000003
2019-01-21,-119.40000000000003
2019-01-22,22.27000000000001
2019-01-23,-52.08
2019-01-24,71.04
2019-01-25,-38.32000000000002
2019-01-26,-10.98999999999998
2019-01-27,193.77999999999997
2019-01-28,-171.43999999999997
2019-01-29,-55.56000000000002
2019-01-30,64.74
2019-01-31,37.05000000000001
2019-02-01,-54.71000000000001
2019-02-02,-17.00999999999999
2019-02-03,102.03999999999999
2019-02-04,-15.840000000000003
2019-02-05,-93.29999999999998
2019-02-06,155.14
2019-02-07,-140.14
2019-02-08,-40.56
2019-02-09,-29.730000000000004
2019-02-10,74.27
2019-02-11,-15.180000000000007
2019-02-12,-105.85999999999999
2019-02-13,116.07999999999998
2019-02-14,-103.72999999999999
2019-02-15,69.83
2019-02-16,-21.840000000000003
2019-02-17,69.94000000000001
2019-02-18,14.47999999999999
2019-02-19,-19.639999999999986
2019-02-20,-57.900000000000006
2019-02-21,50.75
2019-02-22,-4.730000000000018
2019-02-23,-34.609999999999985
2019-02-24,32.78
2019-02-25,-26.439999999999998
2019-02-26,56.829999999999984
2019-02-27,23.860000000000014
2019-02-28,-22.890000000000015
2019-03-01,-2.789999999999992
2019-03-02,-9.609999999999985
2019-03-03,-13.150000000000006
2019-03-04,-71.78
2019-03-05,183.33999999999997
2019-03-06,-141.57999999999998
2019-03-07,54.31
2019-03-08,-27.859999999999985
2019-03-09,0.8999999999999773
2019-03-10,91.01000000000002
2019-03-11,2.0
2019-03-12,-122.14000000000001
2019-03-13,39.19
2019-03-14,-63.989999999999995
2019-03-15,61.010000000000005
2019-03-16,-51.010000000000005
2019-03-17,84.98
2019-03-18,-94.64
2019-03-19,63.61
2019-03-20,-23.830000000000013
2019-03-21,8.960000000000008
2019-03-22,-22.50999999999999
2019-03-23,-23.89
2019-03-24,50.35000000000001
2019-03-25,-64.97000000000001
2019-03-26,1.4099999999999966
2019-03-27,50.8
2019-03-28,-76.71
2019-03-29,78.24
2019-03-30,-11.789999999999992
2019-03-31,45.46000000000001
2019-04-01,13.849999999999994
2019-04-02,-43.629999999999995
2019-04-03,16.579999999999984
2019-04-04,-61.81999999999999
2019-04-05,-31.03
2019-04-06,213.78
2019-04-07,-114.30000000000001
2019-04-08,-68.93999999999998
2019-04-09,-4.740000000000009
2019-04-10,32.07000000000001
2019-04-11,-35.69
2019-04-12,-0.05000000000001137
2019-04-13,-9.61
2019-04-14,164.82
2019-04-15,-143.79000000000002
2019-04-16,-10.89
2019-04-17,17.710000000000008
2019-04-18,4.319999999999993
2019-04-19,-42.22999999999999
2019-04-20,11.61999999999999
2019-04-21,75.92999999999999
2019-04-22,-2.759999999999991
2019-04-23,-72.4
2019-04-24,6.3700000000000045
2019-04-25,24.180000000000007
2019-04-26,34.81999999999999
2019-04-27,-21.980000000000004
2019-04-28,108.66000000000001
2019-04-29,-101.35
2019-04-30,-5.13000000000001
2019-05-01,30.11
2019-05-02,-109.71000000000001
2019-05-03,73.59
2019-05-04,-19.44999999999999
2019-05-05,62.16999999999999
2019-05-06,-12.669999999999987
2019-05-07,23.629999999999995
2019-05-08,24.460000000000008
2019-05-09,-65.5
2019-05-10,14.409999999999997
2019-05-11,-44.46000000000001
2019-05-12,110.22
2019-05-13,-61.389999999999986
2019-05-14,51.91
2019-05-15,-18.670000000000016
2019-05-16,-4.819999999999993
2019-05-17,-46.109999999999985
2019-05-18,17.849999999999994
2019-05-19,43.620000000000005
2019-05-20,-17.940000000000026
2019-05-21,-59.30999999999999
2019-05-22,37.7
2019-05-23,-63.21000000000001
2019-05-24,85.16
2019-05-25,50.81
2019-05-26,-12.659999999999997
2019-05-27,-10.579999999999984
2019-05-28,-65.11000000000001
2019-05-29,-29.459999999999994
2019-05-30,-53.57000000000001
2019-05-31,62.95
2019-06-01,51.82000000000001
2019-06-02,113.89999999999998
2019-06-03,-206.52999999999997
2019-06-04,24.85000000000001
2019-06-05,186.48999999999998
2019-06-06,-88.55999999999997
2019-06-07,55.28
2019-06-08,2.9399999999999977
2019-06-09,10.519999999999982
2019-06-10,45.56999999999999
2019-06-11,-119.79999999999998
2019-06-12,26.150000000000006
2019-06-13,-28.430000000000007
2019-06-14,18.289999999999992
2019-06-15,9.390000000000015
2019-06-16,84.58999999999997
2019-06-17,-120.48999999999998
2019-06-18,8.840000000000003
2019-06-19,-55.620000000000005
2019-06-20,-26.710000000000008
2019-06-21,47.21000000000001
2019-06-22,-1.0999999999999943
2019-06-23,130.04999999999998
2019-06-24,-104.92999999999998
2019-06-25,-51.670000000000016
2019-06-26,51.55000000000001
2019-06-27,-54.32000000000002
2019-06-28,71.94000000000003
2019-06-29,-98.23000000000002
2019-06-30,62.59
2019-07-01,63.66
2019-07-02,-123.3
2019-07-03,12.170000000000002
2019-07-04,12.129999999999995
2019-07-05,-40.349999999999994
2019-07-06,68.65
2019-07-07,51.48999999999998
2019-07-08,-73.80999999999997
2019-07-09,-48.12000000000002
2019-07-10,-8.769999999999996
2019-07-11,99.78999999999999
2019-07-12,-2.819999999999993
2019-07-13,15.22999999999999
2019-07-14,-31.049999999999983
2019-07-15,12.090000000000003
2019-07-16,-11.230000000000018
2019-07-17,-28.119999999999976
2019-07-18,-28.10000000000001
2019-07-19,1.1299999999999955
2019-07-20,-53.14
2019-07-21,132.23
2019-07-22,-52.41999999999999
2019-07-23,5.289999999999992
2019-07-24,-48.69999999999999
2019-07-25,28.099999999999994
2019-07-26,39.650000000000006
2019-07-27,123.08999999999997
2019-07-28,21.5
2019-07-29,-188.90999999999997
2019-07-30,76.14
2019-07-31,-81.39
2019-08-01,73.67
2019-08-02,-16.72
2019-08-03,49.860000000000014
2019-08-04,1.8899999999999864
2019-08-05,-90.73
2019-08-06,21.440000000000012
2019-08-07,3.4099999999999966
2019-08-08,-42.82000000000001
2019-08-09,25.64999999999999
2019-08-10,-36.97999999999999
2019-08-11,113.91
2019-08-12,-70.72
2019-08-13,-13.569999999999993
2019-08-14,109.10999999999999
2019-08-15,87.80000000000001
2019-08-16,-4.660000000000025
2019-08-17,57.920000000000016
2019-08-18,-103.69
2019-08-19,-45.41
2019-08-20,3.3499999999999943
2019-08-21,95.36000000000001
2019-08-22,-56.30000000000001
2019-08-23,105.63999999999999
2019-08-24,163.86000000000007
2019-08-25,-85.73000000000008
2019-08-26,-120.07
2019-08-27,-71.82
2019-08-28,-82.07
2019-08-29,-54.629999999999995
2019-08-30,103.50999999999999
2019-08-31,-8.939999999999998
2019-09-01,80.00999999999999
2019-09-02,-39.389999999999986
2019-09-03,-65.1
2019-09-04,-44.96000000000001
2019-09-05,27.189999999999998
2019-09-06,59.06
2019-09-07,43.920000000000016
2019-09-08,-107.97
2019-09-09,-22.710000000000008
2019-09-10,-38.260000000000005
2019-09-11,14.049999999999997
2019-09-12,53.43000000000001
2019-09-13,23.139999999999986
2019-09-14,-16.47999999999999
2019-09-15,32.47999999999999
2019-09-16,-115.63
2019-09-17,29.78
2019-09-18,-11.310000000000002
2019-09-19,88.58000000000001
2019-09-20,53.03999999999999
2019-09-21,-119.19999999999999
2019-09-22,103.85
2019-09-23,-19.629999999999995
2019-09-24,-61.25
2019-09-25,99.03999999999999
2019-09-26,-141.87
2019-09-27,57.110000000000014
2019-09-28,-2.920000000000016
2019-09-29,78.70000000000002
2019-09-30,-93.37
2019-10-01,-75.99000000000001
2019-10-02,84.72999999999999
2019-10-03,-50.34999999999998
2019-10-04,163.40999999999997
2019-10-05,9.910000000000025
2019-10-06,3.4599999999999795
2019-10-07,-106.75999999999999
2019-10-08,51.97999999999999
2019-10-09,-202.26999999999998
2019-10-10,177.38
2019-10-11,-74.30000000000001
2019-10-12,-39.86
2019-10-13,199.57999999999998
2019-10-14,-130.48
2019-10-15,-63.400000000000006
2019-10-16,38.22999999999999
2019-10-17,-10.799999999999983
2019-10-18,-51.11
2019-10-19,81.07000000000001
2019-10-20,25.50999999999999
2019-10-21,-88.99000000000001
2019-10-22,-38.989999999999995
2019-10-23,36.66
2019-10-24,-10.659999999999997
2019-10-25,6.790000000000006
2019-10-26,-0.09000000000000341
2019-10-27,153.49
2019-10-28,-154.05
2019-10-29,86.19999999999999
2019-10-30,40.51000000000002
2019-10-31,-11.780000000000001
2019-11-01,-134.3
2019-11-02,133.83
2019-11-03,-23.80000000000001
2019-11-04,-40.27000000000001
2019-11-05,60.32000000000002
2019-11-06,-122.62
2019-11-07,28.86999999999999
2019-11-08,61.280000000000015
2019-11-09,-31.02000000000001
2019-11-10,35.72
2019-11-11,-1.8000000000000114
2019-11-12,4.710000000000008
2019-11-13,-67.58999999999999
2019-11-14,-6.27000000000001
2019-11-15,-10.989999999999995
2019-11-16,63.110000000000014
2019-11-17,74.53999999999999
2019-11-18,-196.94
2019-11-19,6.280000000000001
2019-11-20,20.57
2019-11-21,22.819999999999993
2019-11-22,-1.1299999999999955
2019-11-23,56.75999999999999
2019-11-24,37.640000000000015
2019-11-25,-65.49000000000001
2019-11-26,-39.7
2019-11-27,30.980000000000004
2019-11-28,73.89000000000001
2019-11-29,-69.87000000000002
2019-11-30,-39.36
2019-12-01,39.620000000000005
2019-12-02,-8.780000000000001
2019-12-03,47.920000000000016
2019-12-04,-17.640000000000015
2019-12-05,12.030000000000001
2019-12-06,87.38
2019-12-07,63.05000000000001
2019-12-08,81.52999999999997
2019-12-09,-207.12999999999997
2019-12-10,9.530000000000001
2019-12-11,-48.26000000000002
2019-12-12,35.84
2019-12-13,80.87
2019-12-14,21.71999999999997
2019-12-15,-47.43999999999997
2019-12-16,-64.6
2019-12-17,10.120000000000005
2019-12-18,-47.750000000000014
2019-12-19,-12.840000000000003
2019-12-20,100.17999999999999
2019-12-21,1.910000000000025
2019-12-22,52.860000000000014
2019-12-23,-94.38000000000002
2019-12-24,-93.54
2019-12-25,57.56000000000002
2019-12-26,0.8499999999999943
2019-12-27,67.73999999999998
2019-12-28,-60.47999999999999
2019-12-29,137.28
2019-12-30,-123.80000000000001
2019-12-31,-38.65999999999998
2020-01-01,137.84999999999997
2020-01-02,-77.25
2020-01-03,-5.269999999999982
2020-01-04,159.43
2020-01-05,-75.85000000000002
2020-01-06,-11.0
2020-01-07,-125.92999999999999
2020-01-08,65.17999999999999
2020-01-09,-49.879999999999995
2020-01-10,10.710000000000008
2020-01-11,74.63999999999999
2020-01-12,-32.81999999999999
2020-01-13,13.02000000000001
2020-01-14,-45.349999999999994
2020-01-15,34.39999999999998
2020-01-16,-81.82
2020-01-17,19.41000000000001
2020-01-18,-22.320000000000007
2020-01-19,126.62
2020-01-20,-93.28999999999999
2020-01-21,18.28
2020-01-22,-30.77000000000001
2020-01-23,1.4500000000000028
2020-01-24,-31.840000000000003
2020-01-25,27.25
2020-01-26,104.04
2020-01-27,-113.73
2020-01-28,74.13000000000001
2020-01-29,-97.52000000000001
2020-01-30,66.32
2020-01-31,85.09
2020-02-01,-40.0
2020-02-02,-86.77
2020-02-03,41.02999999999999
2020-02-04,-2.969999999999999
2020-02-05,-25.679999999999993
2020-02-06,28.39
2020-02-07,57.110000000000014
2020-02-08,-26.52000000000001
2020-02-09,5.3799999999999955
2020-02-10,33.379999999999995
2020-02-11,68.10000000000002
2020-02-12,-127.70000000000002
2020-02-13,-3.259999999999991
2020-02-14,-66.99000000000001
2020-02-15,49.56999999999999
2020-02-16,118.41
2020-02-17,-143.68
2020-02-18,-5.049999999999997
2020-02-19,-8.650000000000006
2020-02-20,43.849999999999994
2020-02-21,15.450000000000017
2020-02-22,81.82
2020-02-23,64.36000000000001
2020-02-24,-199.59000000000003
2020-02-25,108.74
2020-02-26,-42.879999999999995
2020-02-27,31.569999999999993
2020-02-28,60.629999999999995
2020-02-29,153.86
2020-03-01,-190.44
2020-03-02,-50.81999999999999
2020-03-03,40.91999999999999
2020-03-04,40.73999999999998
2020-03-05,-76.40999999999997
2020-03-06,45.56999999999999
2020-03-07,-44.109999999999985
2020-03-08,237.16
2020-03-09,-59.579999999999984
2020-03-10,18.339999999999975
2020-03-11,-99.13999999999999
2020-03-12,23.399999999999977
2020-03-13,164.31
2020-03-14,-96.99000000000001
2020-03-15,440.49000000000007
2020-03-16,-302.05000000000007
2020-03-17,46.039999999999964
2020-03-18,91.31000000000006
2020-03-19,90.97000000000003
2020-03-20,150.33999999999992
2020-03-21,-161.8599999999999
2020-03-22,274.0999999999999
2020-03-23,25.199999999999932
2020-03-24,19.480000000000018
2020-03-25,-343.0099999999999
2020-03-26,253.61
2020-03-27,-23.1400000000001
2020-03-28,-187.77999999999997
2020-03-29,579.47
2020-03-30,-528.82
2020-03-31,-241.29999999999995
2020-04-01,222.47000000000003
2020-04-02,117.15999999999997
2020-04-03,-57.01999999999998
2020-04-04,51.049999999999955
2020-04-05,295.6200000000001
2020-04-06,-209.5200000000001
2020-04-07,-236.31999999999994
2020-04-08,138.95999999999992
2020-04-09,-127.89999999999998
2020-04-10,-7.2000000000000455
2020-04-11,89.07000000000005
2020-04-12,276.30999999999995
2020-04-13,-60.09999999999991
2020-04-14,-65.06000000000006
2020-04-15,-50.50999999999999
2020-04-16,57.56000000000006
2020-04-17,-218.01
2020-04-18,100.83999999999992
2020-04-19,676.72
2020-04-20,-433.1099999999999
2020-04-21,-202.10000000000014
2020-04-22,-152.31999999999994
2020-04-23,70.38
2020-04-24,148.11
2020-04-25,57.49000000000001
2020-04-26,455.19000000000005
2020-04-27,-307.4200000000001
2020-04-28,-232.57000000000005
2020-04-29,-41.23000000000002
2020-04-30,-107.13999999999999
2020-05-01,170.26
2020-05-02,-164.4699999999999
2020-05-03,408.03999999999985
2020-05-04,-413.8599999999999
2020-05-05,48.64999999999998
2020-05-06,128.11
2020-05-07,-26.980000000000018
2020-05-08,-150.39999999999998
2020-05-09,39.40999999999997
2020-05-10,125.82000000000005
2020-05-11,-331.51
2020-05-12,324.29999999999995
2020-05-13,31.970000000000027
2020-05-14,-119.53999999999996
2020-05-15,-264.05000000000007
2020-05-16,232.71000000000004
2020-05-17,606.04
2020-05-18,-353.5799999999999
2020-05-19,-341.18000000000006
2020-05-20,-7.8799999999999955
2020-05-21,-73.55999999999995
2020-05-22,42.25999999999999
2020-05-23,-60.75
2020-05-24,353.67999999999995
2020-05-25,-387.31999999999994
2020-05-26,127.50999999999999
2020-05-27,-35.610000000000014
2020-05-28,77.99000000000001
2020-05-29,-5.850000000000023
2020-05-30,139.53999999999996
2020-05-31,288.77
2020-06-01,-605.37
2020-06-02,-214.79999999999995
2020-06-03,285.94000000000005
2020-06-04,-151.67000000000007
2020-06-05,-35.589999999999975
2020-06-06,-13.860000000000014
2020-06-07,256.46
2020-06-08,-159.93999999999994
2020-06-09,0.4900000000000091
2020-06-10,-96.14000000000004
2020-06-11,135.10999999999996
2020-06-12,9.870000000000005
2020-06-13,-11.129999999999995
2020-06-14,239.89
2020-06-15,-293.8699999999999
2020-06-16,-55.02000000000004
2020-06-17,128.18
2020-06-18,47.26999999999998
2020-06-19,12.600000000000023
2020-06-20,102.69999999999993
2020-06-21,39.65000000000009
2020-06-22,-227.54000000000008
2020-06-23,-37.94999999999993
2020-06-24,-10.980000000000018
2020-06-25,-31.540000000000077
2020-06-26,34.80000000000007
2020-06-27,-124.87
2020-06-28,520.18
2020-06-29,-265.94999999999993
2020-06-30,-226.60000000000002
2020-07-01,228.32000000000005
2020-07-02,-80.6400000000001
2020-07-03,-105.51999999999998
2020-07-04,-10.699999999999989
2020-07-05,240.42000000000002
2020-07-06,14.409999999999968
2020-07-07,-275.88
2020-07-08,172.18000000000006
2020-07-09,-147.20000000000005
2020-07-10,10.490000000000009
2020-07-11,1.1800000000000068
2020-07-12,254.56
2020-07-13,-328.59000000000003
2020-07-14,-28.149999999999977
2020-07-15,164.66999999999996
2020-07-16,7.420000000000073
2020-07-17,112.90999999999997
2020-07-18,-236.42000000000002
2020-07-19,436.59
2020-07-20,-75.52999999999997
2020-07-21,-149.78999999999996
2020-07-22,-55.65999999999997
2020-07-23,-45.31000000000006
2020-07-24,-109.30000000000001
2020-07-25,-27.379999999999995
2020-07-26,328.38000000000005
2020-07-27,-58.75999999999999
2020-07-28,59.819999999999936
2020-07-29,-141.38
2020-07-30,-69.22000000000003
2020-07-31,-30.839999999999918
2020-08-01,61.14999999999998
2020-08-02,200.13
2020-08-03,-158.98000000000002
2020-08-04,-77.66999999999996
2020-08-05,-84.91000000000003
2020-08-06,123.57999999999998
2020-08-07,-56.799999999999955
2020-08-08,148.57999999999993
2020-08-09,-74.50999999999999
2020-08-10,-5.019999999999982
2020-08-11,-108.48000000000002
2020-08-12,-4.6200000000000045
2020-08-13,71.75
2020-08-14,-107.37
2020-08-15,143.66000000000008
2020-08-16,283.7399999999999
2020-08-17,-376.50999999999993
2020-08-18,-97.69999999999999
2020-08-19,-118.0
2020-08-20,286.56999999999994
2020-08-21,-108.70999999999998
2020-08-22,57.05000000000001
2020-08-23,189.24
2020-08-24,-153.25
2020-08-25,-16.5
2020-08-26,-196.44
2020-08-27,39.110000000000014
2020-08-28,89.07
2020-08-29,103.66999999999996
2020-08-30,-124.79999999999995
2020-08-31,21.91999999999996
2020-09-01,-84.78999999999996
2020-09-02,-62.06
2020-09-03,124.36000000000001
2020-09-04,-31.210000000000036
2020-09-05,3.3700000000000045
2020-09-06,399.60999999999996
2020-09-07,318.97000000000014
2020-09-08,-838.2600000000001
2020-09-09,91.57
2020-09-10,23.939999999999998
2020-09-11,-36.14999999999998
2020-09-12,-0.8999999999999773
2020-09-13,271.72
2020-09-14,-161.88000000000005
2020-09-15,102.44999999999999
2020-09-16,-166.34999999999997
2020-09-17,-28.760000000000048
2020-09-18,-25.71999999999997
2020-09-19,-66.73000000000002
2020-09-20,415.74000000000007
2020-09-21,-321.05000000000007
2020-09-22,-176.30999999999997
2020-09-23,157.12999999999997
2020-09-24,6.930000000000007
2020-09-25,-58.89999999999998
2020-09-26,-93.43
2020-09-27,395.3
2020-09-28,-208.44
2020-09-29,-94.49000000000001
2020-09-30,97.16000000000003
2020-10-01,-5.160000000000025
2020-10-02,7.689999999999998
2020-10-03,43.25
2020-10-04,42.379999999999995
2020-10-05,-126.26999999999998
2020-10-06,134.72000000000003
2020-10-07,195.93999999999994
2020-10-08,-218.44
2020-10-09,47.579999999999984
2020-10-10,81.61000000000001
2020-10-11,382.11
2020-10-12,-456.6
2020-10-13,-246.45999999999998
2020-10-14,142.88
2020-10-15,-76.82999999999998
2020-10-16,-12.519999999999982
2020-10-17,-67.22000000000003
2020-10-18,280.12
2020-10-19,-153.85000000000002
2020-10-20,2.7200000000000273
2020-10-21,-108.97000000000003
2020-10-22,44.110000000000014
2020-10-23,-84.55000000000001
2020-10-24,76.42000000000002
2020-10-25,262.59000000000003
2020-10-26,-164.85000000000002
2020-10-27,-161.31
2020-10-28,152.52999999999997
2020-10-29,120.05000000000001
2020-10-30,-63.22999999999996
2020-10-31,-83.37
2020-11-01,247.16000000000003
2020-11-02,-54.40000000000009
2020-11-03,-237.22999999999996
2020-11-04,299.23999999999995
2020-11-05,-278.19999999999993
2020-11-06,152.26999999999998
2020-11-07,-107.99000000000001
2020-11-08,25.910000000000025
2020-11-09,-154.32
2020-11-10,25.939999999999998
2020-11-11,137.84999999999997
2020-11-12,-127.21999999999997
2020-11-13,-92.78
2020-11-14,68.22
2020-11-15,167.38
2020-11-16,-86.75999999999999
2020-11-17,-13.189999999999998
2020-11-18,-102.31
2020-11-19,108.95999999999998
2020-11-20,-18.680000000000007
2020-11-21,-81.88999999999999
2020-11-22,161.49
2020-11-23,92.89999999999998
2020-11-24,-168.33999999999997
2020-11-25,64.70999999999998
2020-11-26,-24.329999999999984
2020-11-27,220.8
2020-11-28,-306.57
2020-11-29,165.95
2020-11-30,-100.42000000000002
2020-12-01,1.2300000000000182
2020-12-02,-34.33000000000004
2020-12-03,-38.94
2020-12-04,1.8600000000000136
2020-12-05,-56.50999999999999
2020-12-06,481.97
2020-12-07,-345.05
2020-12-08,-87.39000000000004
2020-12-09,-135.83999999999997
2020-12-10,125.28000000000003
2020-12-11,-164.08000000000004
2020-12-12,122.5
2020-12-13,214.27000000000004
2020-12-14,-74.90000000000003
2020-12-15,-114.14999999999998
2020-12-16,-42.74000000000001
2020-12-17,127.49000000000001
2020-12-18,-39.27000000000004
2020-12-19,-68.07
2020-12-20,238.36
2020-12-21,-169.20999999999998
2020-12-22,-76.09000000000003
2020-12-23,120.29000000000002
2020-12-24,-5.2900000000000205
2020-12-25,-122.88
2020-12-26,976.31
2020-12-27,-639.27
2020-12-28,-190.40000000000003
2020-12-29,11.870000000000005
2020-12-30,130.62000000000006
2020-12-31,-65.48000000000002
2021-01-01,396.9599999999999
2021-01-02,-427.37999999999994
2021-01-03,225.45999999999998
2021-01-04,473.7700000000001
2021-01-05,-735.6700000000001
2021-01-06,-79.87
2021-01-07,-76.14000000000001
2021-01-08,-49.41999999999999
2021-01-09,70.88
2021-01-10,294.05
2021-01-11,-39.74000000000001
2021-01-12,-173.93
2021-01-13,-42.920000000000016
2021-01-14,-17.069999999999993
2021-01-15,-31.069999999999993
2021-01-16,104.71000000000004
2021-01-17,-49.04000000000002
2021-01-18,-144.99
2021-01-19,84.94999999999999
2021-01-20,89.67000000000002
2021-01-21,49.620000000000005
2021-01-22,-34.5
2021-01-23,-145.79000000000002
2021-01-24,330.74
2021-01-25,-130.64
2021-01-26,32.75999999999999
2021-01-27,-29.75999999999999
2021-01-28,-182.68
2021-01-29,85.5
2021-01-30,-128.93
2021-01-31,215.72000000000003
2021-02-01,-140.42000000000002
2021-02-02,63.15999999999997
2021-02-03,-49.22999999999996
2021-02-04,-40.380000000000024
2021-02-05,-25.97999999999999
2021-02-06,21.560000000000002
2021-02-07,118.52999999999997
2021-02-08,-117.88999999999999
2021-02-09,-71.41
2021-02-10,36.349999999999994
2021-02-11,15.940000000000026
2021-02-12,137.47
2021-02-13,-53.910000000000025
2021-02-14,-23.610000000000014
2021-02-15,-58.37999999999997
2021-02-16,16.159999999999997
2021-02-17,-49.640000000000015
2021-02-18,17.53
2021-02-19,48.74000000000001
2021-02-20,-89.81
2021-02-21,173.44
2021-02-22,-117.38999999999999
2021-02-23,35.47
2021-02-24,42.68999999999997
2021-02-25,113.47000000000003
2021-02-26,-80.35000000000002
2021-02-27,12.340000000000032
2021-02-28,51.65999999999997
2021-03-01,-44.48999999999995
2021-03-02,-120.34000000000003
2021-03-03,96.39999999999998
2021-03-04,-107.00999999999996
2021-03-05,237.39000000000001
2021-03-06,-66.79000000000002
2021-03-07,133.20000000000005
2021-03-08,926.2599999999999
2021-03-09,-1066.4199999999998
2021-03-10,70.08999999999997
2021-03-11,95.94000000000005
2021-03-12,-232.40000000000003
2021-03-13,-84.30000000000001
2021-03-14,171.7
2021-03-15,231.19
2021-03-16,-416.07
2021-03-17,195.58999999999997
2021-03-18,-75.63
2021-03-19,159.90000000000003
2021-03-20,437.40000000000003
2021-03-21,-696.26
2021-03-22,591.5
2021-03-23,-437.75999999999993
2021-03-24,-176.8
2021-03-25,159.76999999999998
2021-03-26,-176.46999999999997
2021-03-27,-74.89000000000001
2021-03-28,201.28
2021-03-29,-38.5
2021-03-30,-65.31
2021-03-31,61.43000000000001
2021-04-01,-87.41
2021-04-02,53.129999999999995
2021-04-03,5.310000000000002
2021-04-04,143.99999999999997
2021-04-05,-114.25
2021-04-06,-69.87999999999997
2021-04-07,116.6
2021-04-08,-103.93
2021-04-09,-32.16999999999999
2021-04-10,15.22999999999999
2021-04-11,230.60000000000002
2021-04-12,-294.39
2021-04-13,101.97
2021-04-14,-107.59
2021-04-15,28.05000000000001
2021-04-16,-38.08000000000001
2021-04-17,22.889999999999986
2021-04-18,59.420000000000016
2021-04-19,-44.83000000000001
2021-04-20,-16.94999999999999
2021-04-21,40.609999999999985
2021-04-22,15.79000000000002
2021-04-23,-31.30000000000001
2021-04-24,26.930000000000007
2021-04-25,72.26999999999998
2021-04-26,-97.86999999999998
2021-04-27,111.16
2021-04-28,-122.15
2021-04-29,144.48
2021-04-30,-168.14
2021-05-01,78.27000000000001
2021-05-02,9.769999999999982
2021-05-03,238.78
2021-05-04,-241.91
2021-05-05,52.00000000000003
2021-05-06,-76.66000000000003
2021-05-07,1.8400000000000034
2021-05-08,70.34
2021-05-09,-71.62
2021-05-10,92.61000000000001
2021-05-11,24.849999999999966
2021-05-12,-171.23999999999998
2021-05-13,19.849999999999994
2021-05-14,-18.47
2021-05-15,-59.959999999999994
2021-05-16,232.12
2021-05-17,-5.430000000000007
2021-05-18,-103.28
2021-05-19,33.130000000000024
2021-05-20,32.39999999999998
2021-05-21,-106.44
2021-05-22,-31.060000000000002
2021-05-23,219.32
2021-05-24,-85.39999999999998
2021-05-25,-32.99000000000001
2021-05-26,-123.28999999999999
2021-05-27,25.549999999999983
2021-05-28,128.07
2021-05-29,-170.01999999999998
2021-05-30,53.59
2021-05-31,-12.949999999999989
2021-06-01,104.69999999999999
2021-06-02,-103.39000000000001
2021-06-03,60.900000000000006
2021-06-04,-74.85999999999999
2021-06-05,-69.32000000000001
2021-06-06,170.67000000000002
2021-06-07,-22.909999999999997
2021-06-08,-10.870000000000005
2021-06-09,105.73000000000002
2021-06-10,-112.46000000000001
2021-06-11,87.83000000000001
2021-06-12,-173.95000000000002
2021-06-13,147.4
2021-06-14,-45.84
2021-06-15,-26.409999999999997
2021-06-16,-23.710000000000008
2021-06-17,13.650000000000006
2021-06-18,166.57
2021-06-19,-198.06
2021-06-20,190.79000000000002
2021-06-21,-100.82000000000002
2021-06-22,-87.47999999999999
2021-06-23,25.379999999999995
2021-06-24,-33.22
2021-06-25,68.10999999999999
2021-06-26,-37.5
2021-06-27,349.98
2021-06-28,-272.55
2021-06-29,43.49000000000001
2021-06-30,-111.70000000000002
2021-07-01,9.980000000000018
2021-07-02,17.340000000000003
2021-07-03,-89.04
2021-07-04,33.86999999999999
2021-07-05,55.70000000000002
2021-07-06,50.76999999999998
2021-07-07,-123.57999999999998
2021-07-08,46.22
2021-07-09,-48.43000000000001
2021-07-10,102.5
2021-07-11,-61.19
2021-07-12,60.06999999999999
2021-07-13,71.11000000000001
2021-07-14,-150.69
2021-07-15,181.99
2021-07-16,-157.99
2021-07-17,52.41
2021-07-18,212.58
2021-07-19,-146.88
2021-07-20,-49.48000000000002
2021-07-21,-18.439999999999998
2021-07-22,-34.890000000000015
2021-07-23,59.140000000000015
2021-07-24,-90.59
2021-07-25,89.12
2021-07-26,-91.04000000000002
2021-07-27,35.920000000000016
2021-07-28,4.329999999999984
2021-07-29,51.83000000000001
2021-07-30,23.110000000000014
2021-07-31,-82.06000000000003
2021-08-01,52.400000000000006
2021-08-02,-63.91
2021-08-03,-42.66
2021-08-04,-19.36
2021-08-05,205.87
2021-08-06,-190.32999999999998
2021-08-07,-10.530000000000001
2021-08-08,173.21
2021-08-09,0.9300000000000068
2021-08-10,312.59
2021-08-11,-455.09000000000003
2021-08-12,-43.22999999999999
2021-08-13,44.56
2021-08-14,24.819999999999993
2021-08-15,-9.120000000000005
2021-08-16,19.03
2021-08-17,1.1800000000000068
2021-08-18,-10.349999999999994
2021-08-19,31.419999999999987
2021-08-20,-50.16
2021-08-21,-42.230000000000004
2021-08-22,422.33
2021-08-23,-268.81999999999994
2021-08-24,-139.53000000000003
2021-08-25,0.539999999999992
2021-08-26,-42.16
2021-08-27,63.920000000000016
2021-08-28,69.29999999999998
2021-08-29,9.980000000000018
2021-08-30,-29.55000000000001
2021-08-31,49.00999999999999
2021-09-01,-80.23999999999998
2021-09-02,-41.08000000000001
2021-09-03,37.56999999999999
2021-09-04,-49.53999999999999
2021-09-05,266.45
2021-09-06,-116.94
2021-09-07,82.04000000000002
2021-09-08,-118.59
2021-09-09,-46.93000000000001
2021-09-10,-55.99000000000001
2021-09-11,34.71000000000001
2021-09-12,153.2
2021-09-13,-72.82999999999998
2021-09-14,64.87
2021-09-15,-114.74000000000001
2021-09-16,-72.50999999999999
2021-09-17,-10.190000000000012
2021-09-18,3.5400000000000063
2021-09-19,105.88
2021-09-20,51.16
2021-09-21,-31.319999999999993
2021-09-22,-38.19999999999999
2021-09-23,-88.96000000000001
2021-09-24,-44.93000000000001
2021-09-25,46.47
2021-09-26,187.03000000000003
2021-09-27,66.22999999999996
2021-09-28,-177.23
2021-09-29,-32.25
2021-09-30,89.92000000000002
2021-10-01,-94.38000000000002
2021-10-02,73.41000000000003
2021-10-03,32.0
2021-10-04,-5.600000000000023
2021-10-05,-122.94999999999999
2021-10-06,76.88999999999999
2021-10-07,-13.810000000000002
2021-10-08,-34.869999999999976
2021-10-09,188.72
2021-10-10,-16.75999999999999
2021-10-11,-181.20000000000002
2021-10-12,3.280000000000001
2021-10-13,33.44999999999999
2021-10-14,21.189999999999998
2021-10-15,-96.00999999999999
2021-10-16,9.230000000000004
2021-10-17,349.58
2021-10-18,-229.44
2021-10-19,-89.78999999999999
2021-10-20,-55.63000000000001
2021-10-21,61.67
2021-10-22,-32.60000000000001
2021-10-23,7.730000000000004
2021-10-24,71.9
2021-10-25,-9.060000000000002
2021-10-26,18.129999999999995
2021-10-27,-54.109999999999985
2021-10-28,-4.090000000000003
2021-10-29,15.789999999999992
2021-10-30,4.5
2021-10-31,35.43000000000001
2021-11-01,57.68000000000001
2021-11-02,-25.410000000000025
2021-11-03,35.710000000000036
2021-11-04,14.149999999999977
2021-11-05,13.889999999999986
2021-11-06,7.900000000000034
2021-11-07,89.00999999999999
2021-11-08,148.61
2021-11-09,-337.22
2021-11-10,-139.03
2021-11-11,41.81
2021-11-12,140.58
2021-11-13,-131.84
2021-11-14,236.9
2021-11-15,-137.05
2021-11-16,-27.450000000000017
2021-11-17,-48.54999999999998
2021-11-18,93.22
2021-11-19,-22.27000000000001
2021-11-20,53.079999999999984
2021-11-21,-110.73999999999998
2021-11-22,-59.2
2021-11-23,9.25
2021-11-24,73.69000000000001
2021-11-25,-68.55000000000001
2021-11-26,35.53999999999999
2021-11-27,54.99000000000001
2021-11-28,-4.609999999999985
2021-11-29,-82.06000000000002
2021-11-30,27.459999999999994
2021-12-01,-22.079999999999984
2021-12-02,-27.77000000000001
2021-12-03,104.93
2021-12-04,-10.849999999999994
2021-12-05,94.80999999999997
2021-12-06,-154.15999999999997
2021-12-07,31.859999999999985
2021-12-08,-33.03999999999999
2021-12-09,-10.829999999999998
2021-12-10,2.1699999999999875
2021-12-11,-9.58999999999999
2021-12-12,151.27999999999997
2021-12-13,1.170000000000016
2021-12-14,-129.85
2021-12-15,30.25999999999999
2021-12-16,60.04000000000002
2021-12-17,-40.10000000000002
2021-12-18,-21.629999999999995
2021-12-19,170.34
2021-12-20,-47.56
2021-12-21,-60.359999999999985
2021-12-22,15.829999999999984
2021-12-23,50.66
2021-12-24,-111.91
2021-12-25,-46.73999999999998
2021-12-26,253.49
2021-12-27,-211.53000000000003
2021-12-28,85.03000000000003
2021-12-29,289.79
2021-12-30,-236.63000000000005
2021-12-31,81.49000000000001
2022-01-01,-141.39
2022-01-02,278.42
2022-01-03,-203.56
2022-01-04,50.339999999999975
2022-01-05,-84.04000000000002
2022-01-06,10.620000000000005
2022-01-07,39.24000000000001
2022-01-08,-40.49000000000001
2022-01-09,-211.82999999999998
2022-01-10,269.43
2022-01-11,-3.9499999999999886
2022-01-12,-122.38000000000002
2022-01-13,13.719999999999999
2022-01-14,-120.47999999999999
2022-01-15,44.91
2022-01-16,33.56999999999999
2022-01-17,157.56
2022-01-18,-15.980000000000018
2022-01-19,-54.589999999999975
2022-01-20,15.779999999999973
2022-01-21,12.430000000000007
2022-01-22,-220.42999999999998
2022-01-23,131.99
2022-01-24,-98.44000000000003
2022-01-25,105.63000000000002
2022-01-26,88.4
2022-01-27,-171.21
2022-01-28,174.03
2022-01-29,62.860000000000014
2022-01-30,-235.01000000000002
2022-01-31,153.08
2022-02-01,-110.10000000000002
2022-02-02,15.26000000000002
2022-02-03,-12.670000000000016
2022-02-04,-57.829999999999984
2022-02-05,-46.73000000000002
2022-02-06,61.80000000000001
2022-02-07,10.460000000000008
2022-02-08,97.25999999999999
2022-02-09,5.829999999999984
2022-02-10,-9.079999999999984
2022-02-11,-100.53
2022-02-12,132.17999999999998
2022-02-13,-155.93999999999997
2022-02-14,75.57
2022-02-15,92.51000000000002
2022-02-16,64.15999999999997
2022-02-17,-191.23
2022-02-18,99.1
2022-02-19,-67.37
2022-02-20,-10.180000000000007
2022-02-21,40.22000000000003
2022-02-22,-127.88000000000001
2022-02-23,25.88000000000001
2022-02-24,109.68
2022-02-25,-72.58000000000001
2022-02-26,37.17999999999998
2022-02-27,-10.859999999999985
2022-02-28,-38.22
2022-03-01,-7.719999999999999
2022-03-02,152.32000000000002
2022-03-03,-121.05000000000001
2022-03-04,99.49000000000001
2022-03-05,-7.57000000000005
2022-03-06,57.920000000000016
2022-03-07,-207.94
2022-03-08,132.43
2022-03-09,-108.47
2022-03-10,43.650000000000006
2022-03-11,119.21999999999997
2022-03-12,-80.26999999999998
2022-03-13,277.64000000000004
2022-03-14,-277.82000000000005
2022-03-15,-96.54999999999998
2022-03-16,36.109999999999985
2022-03-17,353.71999999999997
2022-03-18,-221.12999999999994
2022-03-19,-140.52
2022-03-20,35.29999999999998
2022-03-21,87.13
2022-03-22,-125.32999999999998
2022-03-23,480.58000000000004
2022-03-24,29.079999999999927
2022-03-25,-179.88
2022-03-26,-378.51
2022-03-27,221.66000000000003
2022-03-28,-103.77000000000001
2022-03-29,115.4
2022-03-30,-131.38
2022-03-31,49.610000000000014
2022-04-01,-142.23000000000002
2022-04-02,117.16
2022-04-03,-107.19
2022-04-04,-59.67
2022-04-05,56.33
2022-04-06,-47.93000000000001
2022-04-07,116.5
2022-04-08,33.95000000000002
2022-04-09,-108.13000000000002
2022-04-10,176.63
2022-04-11,-158.79999999999998
2022-04-12,30.50999999999999
2022-04-13,-129.01999999999998
2022-04-14,145.17
2022-04-15,86.69999999999999
2022-04-16,-64.85
2022-04-17,-180.69
2022-04-18,146.84
2022-04-19,-29.569999999999993
2022-04-20,75.01999999999998
2022-04-21,-198.39999999999998
2022-04-22,88.81
2022-04-23,66.66000000000001
2022-04-24,79.66
2022-04-25,-147.82999999999998
2022-04-26,-55.99000000000001
2022-04-27,244.39
2022-04-28,240.82
2022-04-29,-429.96999999999997
2022-04-30,-29.99000000000001
2022-05-01,101.48
2022-05-02,-78.45
2022-05-03,87.79
2022-05-04,-2.9000000000000057
2022-05-05,-102.89
2022-05-06,81.64999999999999
2022-05-07,-102.89999999999999
2022-05-08,136.89999999999998
2022-05-09,66.97999999999999
2022-05-10,-167.59999999999997
2022-05-11,95.73
2022-05-12,-36.95000000000002
2022-05-13,-48.62999999999998
2022-05-14,111.11
2022-05-15,-45.150000000000006
2022-05-16,-32.78999999999999
2022-05-17,2.359999999999985
2022-05-18,-30.97
2022-05-19,415.21999999999997
2022-05-20,-445.93999999999994
2022-05-21,96.48000000000002
2022-05-22,26.319999999999993
2022-05-23,33.41999999999999
2022-05-24,-143.35
2022-05-25,55.34
2022-05-26,18.5
2022-05-27,-1.9300000000000068
2022-05-28,151.26
2022-05-29,-200.73
2022-05-30,-43.67
2022-05-31,171.83999999999997
2022-06-01,-34.20999999999998
2022-06-02,-55.55000000000001
2022-06-03,-54.519999999999996
2022-06-04,-16.97
2022-06-05,124.80999999999999
2022-06-06,13.730000000000018
2022-06-07,-42.48000000000002
2022-06-08,51.03
2022-06-09,-4.589999999999975
2022-06-10,-129.04000000000002
2022-06-11,79.49
2022-06-12,-25.120000000000005
2022-06-13,20.25999999999999
2022-06-14,40.77000000000001
2022-06-15,118.19
2022-06-16,-197.06
2022-06-17,5.240000000000009
2022-06-18,-14.050000000000011
2022-06-19,94.45000000000002
2022-06-20,-73.16
2022-06-21,-22.82000000000002
2022-06-22,46.98000000000002
2022-06-23,142.51000000000002
2022-06-24,-139.73000000000002
2022-06-25,-105.44000000000001
2022-06-26,128.76
2022-06-27,-102.12
2022-06-28,-42.14999999999999
2022-06-29,123.96999999999998
2022-06-30,-77.35
2022-07-01,87.28999999999999
2022-07-02,-72.44999999999999
2022-07-03,192.43
2022-07-04,-157.65
2022-07-05,35.46000000000001
2022-07-06,385.97
2022-07-07,-146.48000000000002
2022-07-08,94.21000000000004
2022-07-09,-307.01000000000005
2022-07-10,123.67000000000002
2022-07-11,258.28
2022-07-12,-436.53999999999996
2022-07-13,158.80999999999997
2022-07-14,-74.39999999999998
2022-07-15,-110.72999999999999
2022-07-16,30.53
2022-07-17,246.89999999999998
2022-07-18,-265.53
2022-07-19,111.18000000000004
2022-07-20,-82.95000000000002
2022-07-21,-65.89
2022-07-22,15.36
2022-07-23,-53.19
2022-07-24,197.68
2022-07-25,-242.09
2022-07-26,29.880000000000003
2022-07-27,206.97
2022-07-28,105.93
2022-07-29,-161.08
2022-07-30,61.32000000000002
2022-07-31,-94.20000000000002
2022-08-01,44.46000000000001
2022-08-02,95.59999999999997
2022-08-03,-73.75999999999999
2022-08-04,-12.389999999999986
2022-08-05,-71.97
2022-08-06,86.25999999999999
2022-08-07,29.180000000000035
2022-08-08,-68.92000000000002
2022-08-09,3.4599999999999795
2022-08-10,-19.909999999999997
2022-08-11,-106.97999999999999
2022-08-12,33.56
2022-08-13,44.56999999999999
2022-08-14,155.32
2022-08-15,-191.9
2022-08-16,97.73000000000002
2022-08-17,-53.28999999999999
2022-08-18,32.66999999999999
2022-08-19,-138.98000000000002
2022-08-20,83.92999999999999
2022-08-21,69.36000000000001
2022-08-22,-103.32000000000001
2022-08-23,27.840000000000018
2022-08-24,36.81999999999999
2022-08-25,-13.469999999999999
2022-08-26,5.97999999999999
2022-08-27,-49.120000000000005
2022-08-28,21.069999999999993
2022-08-29,-71.03999999999999
2022-08-30,39.75
2022-08-31,203.17
2022-09-01,-156.60999999999999
2022-09-02,18.090000000000003
2022-09-03,-86.64
2022-09-04,339.61
2022-09-05,-174.21000000000004
2022-09-06,174.91000000000003
2022-09-07,74.33999999999997
2022-09-08,23.019999999999982
2022-09-09,-397.87
2022-09-10,36.94
2022-09-11,390.91999999999996
2022-09-12,-332.39
2022-09-13,-124.61
2022-09-14,34.67
2022-09-15,55.19
2022-09-16,-64.47999999999999
2022-09-17,89.46000000000001
2022-09-18,50.31999999999999
2022-09-19,186.8
2022-09-20,-102.72000000000003
2022-09-21,-28.269999999999982
2022-09-22,12.610000000000014
2022-09-23,-42.379999999999995
2022-09-24,119.5
2022-09-25,-70.64000000000004
2022-09-26,7.810000000000002
2022-09-27,363.87
2022-09-28,504.94000000000005
2022-09-29,-697.51
2022-09-30,-144.60000000000008
2022-10-01,-74.06
2022-10-02,180.17000000000002
2022-10-03,-62.81
2022-10-04,-97.82
2022-10-05,434.57
2022-10-06,-269.84
2022-10-07,-80.84000000000003
2022-10-08,-222.32
2022-10-09,32.46000000000001
2022-10-10,38.02000000000001
2022-10-11,115.11000000000001
2022-10-12,173.92999999999995
2022-10-13,200.26
2022-10-14,-341.03999999999996
2022-10-15,202.51
2022-10-16,-176.95
2022-10-17,1224.37
2022-10-18,-565.23
2022-10-19,464.98
2022-10-20,-870.8
2022-10-21,84.43000000000006
2022-10-22,-262.1600000000001
2022-10-23,165.39
2022-10-24,-279.00999999999993
2022-10-25,210.61999999999995
2022-10-26,197.23000000000002
2022-10-27,-415.96
2022-10-28,12.009999999999991
2022-10-29,-53.420000000000016
2022-10-30,18.150000000000034
2022-10-31,-265.75
2022-11-01,130.87
2022-11-02,192.9
2022-11-03,124.27000000000004
2022-11-04,-274.00000000000006
2022-11-05,-85.82
2022-11-06,21.01000000000002
2022-11-07,77.33000000000001
2022-11-08,98.50999999999999
2022-11-09,119.07
2022-11-10,-123.51999999999998
2022-11-11,-15.870000000000005
2022-11-12,-23.04000000000002
2022-11-13,51.14999999999998
2022-11-14,-75.75999999999999
2022-11-15,-127.04999999999998
2022-11-16,171.02
2022-11-17,154.46000000000004
2022-11-18,7.5
2022-11-19,-101.21000000000004
2022-11-20,-229.01000000000002
2022-11-21,78.04999999999998
2022-11-22,-20.269999999999982
2022-11-23,17.160000000000025
2022-11-24,-46.390000000000015
2022-11-25,8.039999999999992
2022-11-26,-148.14999999999998
2022-11-27,132.31
2022-11-28,19.730000000000018
2022-11-29,49.04999999999998
2022-11-30,-67.82999999999998
2022-12-01,7.9199999999999875
2022-12-02,270.26
2022-12-03,-315.70000000000005
2022-12-04,62.06
2022-12-05,1292.65
2022-12-06,-1315.32
2022-12-07,-19.329999999999984
2022-12-08,56.04999999999998
2022-12-09,-106.38
2022-12-10,216.49
2022-12-11,-144.13
2022-12-12,30.359999999999985
2022-12-13,-68.54999999999998
2022-12-14,424.16
2022-12-15,-405.19000000000005
2022-12-16,157.28
2022-12-17,-272.18
2022-12-18,221.72000000000003
2022-12-19,-137.88000000000002
2022-12-20,-49.96000000000001
2022-12-21,15.120000000000005
2022-12-22,46.129999999999995
2022-12-23,-76.74
2022-12-24,50.999999999999986
2022-12-25,-33.65999999999998
2022-12-26,-23.400000000000006
2022-12-27,27.570000000000007
2022-12-28,-71.62
2022-12-29,235.92999999999998
2022-12-30,-207.91999999999996
2022-12-31,231.82
2023-01-01,191.3
2023-01-02,-483.82000000000005
2023-01-03,225.72
2023-01-04,35.70999999999998
2023-01-05,121.94
2023-01-06,-244.2
2023-01-07,-3.4499999999999886
2023-01-08,1.8700000000000045
2023-01-09,158.70999999999998
2023-01-10,-89.66999999999999
2023-01-11,133.91
2023-01-12,44.94999999999999
2023-01-13,-307.23
2023-01-14,147.85
2023-01-15,-129.85
2023-01-16,10.02000000000001
2023-01-17,150.67000000000002
2023-01-18,-2.1299999999999955
2023-01-19,-43.27000000000004
2023-01-20,151.82
2023-01-21,-265.25
2023-01-22,-58.099999999999994
2023-01-23,54.730000000000004
2023-01-24,80.78999999999999
2023-01-25,-76.92
2023-01-26,141.24
2023-01-27,-116.19
2023-01-28,-12.97999999999999
2023-01-29,51.44999999999999
2023-01-30,59.21000000000001
2023-01-31,31.430000000000007
2023-02-01,-88.16
2023-02-02,-29.52000000000001
2023-02-03,144.74
2023-02-04,-197.18
2023-02-05,105.43
2023-02-06,-24.090000000000003
2023-02-07,25.650000000000006
2023-02-08,240.46999999999997
2023-02-09,-200.73
2023-02-10,-89.97999999999999
2023-02-11,42.06
2023-02-12,-10.939999999999998
2023-02-13,-125.80000000000001
2023-02-14,136.45000000000002
2023-02-15,20.359999999999985
2023-02-16,45.81
2023-02-17,-117.12
2023-02-18,-43.86
2023-02-19,100.35000000000001
2023-02-20,49.18000000000001
2023-02-21,-121.5
2023-02-22,240.52999999999997
2023-02-23,-92.19
2023-02-24,-124.98999999999998
2023-02-25,-55.09
2023-02-26,-39.7
2023-02-27,108.79
2023-02-28,105.55999999999997
2023-03-01,170.56
2023-03-02,-163.59999999999997
2023-03-03,-107.91000000000003
2023-03-04,-82.89999999999999
2023-03-05,48.86
2023-03-06,20.060000000000002
2023-03-07,167.46
2023-03-08,-70.25999999999999
2023-03-09,-133.42000000000002
2023-03-10,9.830000000000013
2023-03-11,105.17999999999998
2023-03-12,-159.27999999999997
2023-03-13,-33.13
2023-03-14,271.15999999999997
2023-03-15,-27.769999999999982
2023-03-16,50.99000000000001
2023-03-17,-184.45000000000002
2023-03-18,41.0
2023-03-19,-73.57000000000001
2023-03-20,-78.13999999999999
2023-03-21,17.0
2023-03-22,45.88999999999999
2023-03-23,215.62
2023-03-24,-210.07999999999998
2023-03-25,33.43000000000001
2023-03-26,-21.810000000000002
2023-03-27,54.29999999999998
2023-03-28,402.49
2023-03-29,-485.22999999999996
2023-03-30,111.18
2023-03-31,15.379999999999995
2023-04-01,-147.11
2023-04-02,85.27000000000001
2023-04-03,-0.010000000000019327
2023-04-04,109.86000000000001
2023-04-05,-150.19
2023-04-06,78.52000000000001
2023-04-07,-46.410000000000025
2023-04-08,-92.22999999999999
2023-04-09,73.27000000000001
2023-04-10,-42.30000000000001
2023-04-11,51.670000000000016
2023-04-12,127.50999999999996
2023-04-13,-162.92999999999998
2023-04-14,-41.209999999999994
2023-04-15,21.409999999999997
2023-04-16,109.88000000000001
2023-04-17,-75.08000000000001
2023-04-18,81.17000000000002
2023-04-19,28.549999999999983
2023-04-20,-88.97
2023-04-21,-18.86
2023-04-22,-49.86
2023-04-23,107.53
2023-04-24,-37.16
2023-04-25,918.52
2023-04-26,-915.91
2023-04-27,-43.14999999999999
2023-04-28,70.34000000000002
2023-04-29,-83.43
2023-04-30,33.16
2023-05-01,-107.22
2023-05-02,69.14999999999999
2023-05-03,140.54000000000002
2023-05-04,46.24000000000001
2023-05-05,-130.70000000000002
2023-05-06,-129.04
2023-05-07,329.25
2023-05-08,-305.88
2023-05-09,105.43
2023-05-10,21.819999999999993
2023-05-11,-38.980000000000004
2023-05-12,-31.040000000000006
2023-05-13,-51.75
2023-05-14,86.82
2023-05-15,-98.66
2023-05-16,183.76000000000002
2023-05-17,-42.80000000000001
2023-05-18,26.97999999999999
2023-05-19,25.879999999999995
2023-05-20,-38.42999999999998
2023-05-21,-77.74000000000001
2023-05-22,338.19000000000005
2023-05-23,-402.31
2023-05-24,547.14
2023-05-25,-415.65999999999997
2023-05-26,3.1399999999999864
2023-05-27,-38.97
2023-05-28,-120.41
2023-05-29,201.02
2023-05-30,-205.20000000000002
2023-05-31,152.61
2023-06-01,28.98999999999998
2023-06-02,77.46000000000004
2023-06-03,-147.60000000000002
2023-06-04,-42.980000000000004
2023-06-05,1.2999999999999972
2023-06-06,-8.329999999999998
2023-06-07,49.25
2023-06-08,140.49
2023-06-09,-29.01000000000002
2023-06-10,-191.9
2023-06-11,-1.9600000000000009
2023-06-12,108.83000000000001
2023-06-13,-58.03
2023-06-14,125.24000000000001
2023-06-15,22.329999999999984
2023-06-16,-41.98999999999998
2023-06-17,-117.79000000000002
2023-06-18,-38.67999999999999
2023-06-19,94.57000000000001
2023-06-20,71.78
2023-06-21,30.549999999999983
2023-06-22,91.51000000000002
2023-06-23,-165.65
2023-06-24,93.01000000000002
2023-06-25,-127.46000000000004
2023-06-26,-98.78999999999999
2023-06-27,321.73
2023-06-28,-245.92
2023-06-29,-15.75
2023-06-30,53.49000000000001
2023-07-01,-52.74000000000001
2023-07-02,14.290000000000006
2023-07-03,-41.96000000000001
2023-07-04,50.45
2023-07-05,-91.39
2023-07-06,154.87
2023-07-07,-36.639999999999986
2023-07-08,-22.510000000000005
2023-07-09,-1.5
2023-07-10,98.80999999999999
2023-07-11,-149.93
2023-07-12,-40.3
2023-07-13,186.35
2023-07-14,-140.24
2023-07-15,70.91000000000001
2023-07-16,-22.120000000000005
2023-07-17,15.960000000000008
2023-07-18,72.20999999999998
2023-07-19,-143.64
2023-07-20,168.98
2023-07-21,-117.91
2023-07-22,-7.269999999999996
2023-07-23,18.440000000000012
2023-07-24,22.69999999999999
2023-07-25,32.97
2023-07-26,117.26999999999998
2023-07-27,-108.50999999999999
2023-07-28,-6.739999999999981
2023-07-29,28.889999999999986
2023-07-30,-33.859999999999985
2023-07-31,-112.38000000000001
2023-08-01,36.959999999999994
2023-08-02,127.08000000000001
2023-08-03,-59.04000000000002
2023-08-04,-19.419999999999987
2023-08-05,-90.41
2023-08-06,0.47999999999998977
2023-08-07,128.3
2023-08-08,45.389999999999986
2023-08-09,-96.07
2023-08-10,145.57
2023-08-11,-167.75
2023-08-12,98.52
2023-08-13,-200.26
2023-08-14,260.55
2023-08-15,-14.589999999999975
2023-08-16,-76.78000000000003
2023-08-17,188.57
2023-08-18,-303.65999999999997
2023-08-19,71.82000000000001
2023-08-20,33.120000000000005
2023-08-21,39.72
2023-08-22,-37.55000000000001
2023-08-23,-40.900000000000006
2023-08-24,208.87
2023-08-25,-223.95
2023-08-26,-65.34
2023-08-27,1.9400000000000048
2023-08-28,320.1
2023-08-29,-211.69
2023-08-30,-26.680000000000007
2023-08-31,169.41000000000003
2023-09-01,-192.28000000000003
2023-09-02,104.71
2023-09-03,-135.17000000000002
2023-09-04,-5.8799999999999955
2023-09-05,-0.20000000000000284
2023-09-06,244.97
2023-09-07,-182.57999999999998
2023-09-08,-41.88000000000001
2023-09-09,-10.810000000000002
2023-09-10,146.39
2023-09-11,13.879999999999995
2023-09-12,-185.07
2023-09-13,29.11
2023-09-14,107.77999999999999
2023-09-15,-34.89999999999998
2023-09-16,37.089999999999975
2023-09-17,-54.849999999999994
2023-09-18,99.08000000000001
2023-09-19,-9.219999999999999
2023-09-20,-59.09
2023-09-21,-32.06999999999999
2023-09-22,61.73999999999998
2023-09-23,48.09
2023-09-24,-2.1399999999999864
2023-09-25,25.029999999999973
2023-09-26,-167.71999999999997
2023-09-27,214.2
2023-09-28,-206.28
2023-09-29,39.170000000000016
2023-09-30,58.629999999999995
2023-10-01,-136.98000000000002
2023-10-02,65.83
2023-10-03,-1.2800000000000011
2023-10-04,4.359999999999985
2023-10-05,-43.29999999999998
2023-10-06,76.21000000000001
2023-10-07,1.9799999999999898
2023-10-08,-31.539999999999992
2023-10-09,31.169999999999987
2023-10-10,601.52
2023-10-11,-444.21999999999997
2023-10-12,-193.52999999999997
2023-10-13,12.780000000000001
2023-10-14,33.889999999999986
2023-10-15,-33.91
2023-10-16,34.02000000000001
2023-10-17,-96.35000000000001
2023-10-18,74.88000000000001
2023-10-19,-50.20000000000002
2023-10-20,67.42000000000002
2023-10-21,-66.73000000000002
2023-10-22,8.740000000000009
2023-10-23,-84.36
2023-10-24,102.74
2023-10-25,214.98999999999998
2023-10-26,296.88000000000005
2023-10-27,-521.83
2023-10-28,-34.40999999999998
2023-10-29,67.73
2023-10-30,451.79999999999995
2023-10-31,-316.08
2023-11-01,-168.67000000000002
2023-11-02,21.710000000000008
2023-11-03,-65.48
2023-11-04,43.69000000000001
2023-11-05,-31.14
2023-11-06,85.80999999999999
2023-11-07,-130.24
2023-11-08,194.12
2023-11-09,-168.09000000000003
2023-11-10,70.04
2023-11-11,-102.61000000000001
2023-11-12,392.77
2023-11-13,-439.52
2023-11-14,109.33000000000001
2023-11-15,-7.790000000000006
2023-11-16,66.58999999999999
2023-11-17,-38.329999999999984
2023-11-18,4.460000000000008
2023-11-19,-106.70000000000002
2023-11-20,27.660000000000004
2023-11-21,107.36
2023-11-22,50.44
2023-11-23,79.03
2023-11-24,-176.64000000000001
2023-11-25,-33.639999999999986
2023-11-26,194.43999999999997
2023-11-27,-227.01999999999998
2023-11-28,180.11
2023-11-29,-157.2
2023-11-30,251.63
2023-12-01,-40.410000000000025
2023-12-02,-99.79999999999998
2023-12-03,-24.78
2023-12-04,-35.879999999999995
2023-12-05,10.810000000000002
2023-12-06,-30.680000000000007
2023-12-07,-79.52000000000001
2023-12-08,180.43
2023-12-09,-74.97999999999999
2023-12-10,-58.540000000000006
2023-12-11,68.54
2023-12-12,309.15999999999997
2023-12-13,-131.45
2023-12-14,-136.06
2023-12-15,-37.78999999999999
2023-12-16,62.150000000000006
2023-12-17,-134.48000000000002
2023-12-18,-53.959999999999994
2023-12-19,616.8800000000001
2023-12-20,-275.11000000000007
2023-12-21,-219.17
2023-12-22,-14.069999999999993
2023-12-23,-56.92
2023-12-24,91.08
2023-12-25,-142.27
2023-12-26,37.37
2023-12-27,104.95000000000002
2023-12-28,2.589999999999975
2023-12-29,-110.32
2023-12-30,37.900000000000006
2023-12-31,194.95000000000002
