Date,% FTSE100 Change,Previous Day % FTSE100 Change
2017-01-05,0.08,0.17
2017-01-06,0.2,0.08
2017-01-11,0.21,0.52
2017-01-12,0.03,0.21
2017-01-13,0.62,0.03
2017-01-18,0.38,-1.46
2017-01-19,-0.54,0.38
2017-01-20,-0.14,-0.54
2017-01-25,0.2,-0.01
2017-01-26,-0.04,0.2
2017-01-27,0.32,-0.04
2017-02-01,0.12,-0.27
2017-02-02,0.47,0.12
2017-02-03,0.67,0.47
2017-02-08,0.04,0.2
2017-02-09,0.57,0.04
2017-02-10,0.4,0.57
2017-02-15,0.47,-0.14
2017-02-16,-0.34,0.47
2017-02-17,0.3,-0.34
2017-02-22,0.38,-0.34
2017-02-23,-0.42,0.38
2017-02-24,-0.38,-0.42
2017-03-01,1.64,0.14
2017-03-02,-0.01,1.64
2017-03-03,-0.11,-0.01
2017-03-08,-0.06,-0.15
2017-03-09,-0.27,-0.06
2017-03-10,0.38,-0.27
2017-03-15,0.15,-0.13
2017-03-16,0.64,0.15
2017-03-17,0.12,0.64
2017-03-22,-0.73,-0.69
2017-03-23,0.22,-0.73
2017-03-24,-0.05,0.22
2017-03-29,0.41,0.68
2017-03-30,-0.06,0.41
2017-03-31,-0.63,-0.06
2017-04-05,0.13,0.54
2017-04-06,-0.39,0.13
2017-04-07,0.63,-0.39
2017-04-12,-0.22,0.23
2017-04-13,-0.29,-0.22
2017-04-20,0.06,-0.46
2017-04-21,-0.06,0.06
2017-04-26,0.18,0.15
2017-04-27,-0.71,0.18
2017-04-28,-0.46,-0.71
2017-05-04,0.19,-0.21
2017-05-05,0.68,0.19
2017-05-10,0.59,0.57
2017-05-11,0.02,0.59
2017-05-12,0.66,0.02
2017-05-17,-0.25,0.91
2017-05-18,-0.89,-0.25
2017-05-19,0.46,-0.89
2017-05-24,0.4,-0.15
2017-05-25,0.04,0.4
2017-05-26,0.4,0.04
2017-06-01,0.32,-0.09
2017-06-02,0.05,0.32
2017-06-07,-0.62,-0.01
2017-06-08,-0.38,-0.62
2017-06-09,1.04,-0.38
2017-06-14,-0.35,-0.15
2017-06-15,-0.74,-0.35
2017-06-16,0.6,-0.74
2017-06-21,-0.33,-0.68
2017-06-22,-0.11,-0.33
2017-06-23,-0.2,-0.11
2017-06-28,-0.63,-0.17
2017-06-29,-0.51,-0.63
2017-06-30,-0.51,-0.51
2017-07-05,0.14,-0.27
2017-07-06,-0.41,0.14
2017-07-07,0.19,-0.41
2017-07-12,1.19,-0.55
2017-07-13,-0.05,1.19
2017-07-14,-0.47,-0.05
2017-07-19,0.55,-0.19
2017-07-20,0.77,0.55
2017-07-21,-0.47,0.77
2017-07-26,0.24,0.77
2017-07-27,-0.12,0.24
2017-07-28,-1.0,-0.12
2017-08-02,-0.16,0.7
2017-08-03,0.85,-0.16
2017-08-04,0.49,0.85
2017-08-09,-0.59,0.14
2017-08-10,-1.44,-0.59
2017-08-11,-1.08,-1.44
2017-08-16,0.67,0.41
2017-08-17,-0.61,0.67
2017-08-18,-0.86,-0.61
2017-08-23,0.01,0.86
2017-08-24,0.33,0.01
2017-08-25,-0.08,0.33
2017-08-31,0.89,0.38
2017-09-01,0.11,0.89
2017-09-06,-0.25,-0.52
2017-09-07,0.58,-0.25
2017-09-08,-0.26,0.58
2017-09-13,-0.28,-0.17
2017-09-14,-1.14,-0.28
2017-09-15,-1.1,-1.14
2017-09-20,-0.05,0.3
2017-09-21,-0.11,-0.05
2017-09-22,0.64,-0.11
2017-09-27,0.38,-0.21
2017-09-28,0.13,0.38
2017-09-29,0.68,0.13
2017-10-04,-0.01,0.39
2017-10-05,0.54,-0.01
2017-10-06,0.2,0.54
2017-10-11,-0.06,0.4
2017-10-12,0.3,-0.06
2017-10-13,-0.28,0.3
2017-10-18,0.36,-0.14
2017-10-19,-0.26,0.36
2017-10-20,0.0,-0.26
2017-10-25,-1.05,0.03
2017-10-26,0.53,-1.05
2017-10-27,0.25,0.53
2017-11-01,-0.07,0.07
2017-11-02,0.9,-0.07
2017-11-03,0.07,0.9
2017-11-08,0.22,-0.65
2017-11-09,-0.61,0.22
2017-11-10,-0.68,-0.61
2017-11-15,-0.56,-0.01
2017-11-16,0.19,-0.56
2017-11-17,-0.08,0.19
2017-11-22,0.1,0.3
2017-11-23,-0.02,0.1
2017-11-24,-0.1,-0.02
2017-11-29,-0.9,1.04
2017-11-30,-0.9,-0.9
2017-12-01,-0.36,-0.9
2017-12-06,0.28,-0.16
2017-12-07,-0.37,0.28
2017-12-08,1.0,-0.37
2017-12-13,-0.05,0.63
2017-12-14,-0.65,-0.05
2017-12-15,0.57,-0.65
2017-12-20,-0.25,0.09
2017-12-21,1.05,-0.25
2017-12-22,-0.15,1.05
2017-12-29,0.85,0.03
2018-01-04,0.32,0.3
2018-01-05,0.37,0.32
2018-01-10,0.23,0.45
2018-01-11,0.19,0.23
2018-01-12,0.2,0.19
2018-01-17,-0.39,-0.17
2018-01-18,-0.32,-0.39
2018-01-19,0.39,-0.32
2018-01-24,-1.14,0.21
2018-01-25,-0.36,-1.14
2018-01-26,0.65,-0.36
2018-01-31,-0.72,-1.09
2018-02-01,-0.57,-0.72
2018-02-02,-0.63,-0.57
2018-02-07,1.93,-2.64
2018-02-08,-1.49,1.93
2018-02-09,-1.09,-1.49
2018-02-14,0.64,-0.13
2018-02-15,0.29,0.64
2018-02-16,0.83,0.29
2018-02-21,0.48,-0.01
2018-02-22,-0.4,0.48
2018-02-23,-0.11,-0.4
2018-02-28,-0.69,-0.1
2018-03-01,-0.78,-0.69
2018-03-02,-1.47,-0.78
2018-03-07,0.16,0.43
2018-03-08,0.63,0.16
2018-03-09,0.3,0.63
2018-03-14,-0.09,-1.05
2018-03-15,0.1,-0.09
2018-03-16,0.34,0.1
2018-03-21,-0.32,0.26
2018-03-22,-1.23,-0.32
2018-03-23,-0.44,-1.23
2018-03-28,0.64,1.62
2018-03-29,0.17,0.64
2018-04-05,2.35,0.05
2018-04-06,-0.22,2.35
2018-04-11,-0.13,1.0
2018-04-12,0.02,-0.13
2018-04-13,0.09,0.02
2018-04-18,1.26,0.39
2018-04-19,0.16,1.26
2018-04-20,0.54,0.16
2018-04-25,-0.62,0.36
2018-04-26,0.57,-0.62
2018-04-27,1.09,0.57
2018-05-02,0.3,0.15
2018-05-03,-0.54,0.3
2018-05-04,0.86,-0.54
2018-05-10,0.5,1.28
2018-05-11,0.31,0.5
2018-05-16,0.15,0.16
2018-05-17,0.7,0.15
2018-05-18,-0.12,0.7
2018-05-23,-1.13,0.23
2018-05-24,-0.92,-1.13
2018-05-25,0.18,-0.92
2018-05-31,-0.15,0.75
2018-06-01,0.31,-0.15
2018-06-06,0.33,-0.7
2018-06-07,-0.1,0.33
2018-06-08,-0.3,-0.1
2018-06-13,-0.0,-0.43
2018-06-14,0.81,-0.0
2018-06-15,-1.7,0.81
2018-06-20,0.31,-0.36
2018-06-21,-0.93,0.31
2018-06-22,1.67,-0.93
2018-06-27,1.11,0.37
2018-06-28,-0.08,1.11
2018-06-29,0.28,-0.08
2018-07-04,-0.27,0.6
2018-07-05,0.4,-0.27
2018-07-06,0.19,0.4
2018-07-11,-1.3,0.05
2018-07-12,0.78,-1.3
2018-07-13,0.14,0.78
2018-07-18,0.65,0.34
2018-07-19,0.1,0.65
2018-07-20,-0.07,0.1
2018-07-25,-0.66,0.7
2018-07-26,0.06,-0.66
2018-07-27,0.5,0.06
2018-08-01,-1.24,0.62
2018-08-02,-1.01,-1.24
2018-08-03,1.1,-1.01
2018-08-08,0.75,0.71
2018-08-09,-0.45,0.75
2018-08-10,-0.97,-0.45
2018-08-15,-1.49,-0.4
2018-08-16,0.78,-1.49
2018-08-17,0.03,0.78
2018-08-22,0.11,-0.34
2018-08-23,-0.15,0.11
2018-08-24,0.19,-0.15
2018-08-30,-0.62,-0.71
2018-08-31,-1.11,-0.62
2018-09-05,-1.0,-0.62
2018-09-06,-0.87,-1.0
2018-09-07,-0.56,-0.87
2018-09-12,0.55,-0.08
2018-09-13,-0.43,0.55
2018-09-14,0.31,-0.43
2018-09-19,0.42,-0.03
2018-09-20,0.49,0.42
2018-09-21,1.67,0.49
2018-09-26,0.05,0.66
2018-09-27,0.45,0.05
2018-09-28,-0.47,0.45
2018-10-03,0.48,-0.28
2018-10-04,-1.22,0.48
2018-10-05,-1.35,-1.22
2018-10-10,-1.27,0.06
2018-10-11,-1.94,-1.27
2018-10-12,-0.16,-1.94
2018-10-17,-0.07,0.43
2018-10-18,-0.39,-0.07
2018-10-19,0.32,-0.39
2018-10-24,0.11,-1.24
2018-10-25,0.59,0.11
2018-10-26,-0.92,0.59
2018-10-31,1.31,0.14
2018-11-01,-0.19,1.31
2018-11-02,-0.29,-0.19
2018-11-07,1.09,-0.89
2018-11-08,0.33,1.09
2018-11-09,-0.49,0.33
2018-11-14,-0.28,0.01
2018-11-15,0.06,-0.28
2018-11-16,-0.34,0.06
2018-11-21,1.47,-0.76
2018-11-22,-1.28,1.47
2018-11-23,-0.11,-1.28
2018-11-28,-0.18,-0.27
2018-11-29,0.49,-0.18
2018-11-30,-0.83,0.49
2018-12-05,-1.44,-0.56
2018-12-06,-3.15,-1.44
2018-12-07,1.1,-3.15
2018-12-12,1.08,1.27
2018-12-13,-0.04,1.08
2018-12-14,-0.47,-0.04
2018-12-19,0.96,-1.06
2018-12-20,-0.8,0.96
2018-12-21,0.14,-0.8
2019-01-04,2.16,-0.62
2019-01-09,0.66,0.74
2019-01-10,0.52,0.66
2019-01-11,-0.36,0.52
2019-01-16,-0.47,0.58
2019-01-17,-0.4,-0.47
2019-01-18,1.95,-0.4
2019-01-23,-0.85,-0.99
2019-01-24,-0.35,-0.85
2019-01-25,-0.14,-0.35
2019-01-30,1.58,1.29
2019-01-31,0.39,1.58
2019-02-01,0.74,0.39
2019-02-06,-0.06,2.04
2019-02-07,-1.11,-0.06
2019-02-08,-0.32,-1.11
2019-02-13,0.81,0.06
2019-02-14,0.09,0.81
2019-02-15,0.55,0.09
2019-02-20,0.69,-0.56
2019-02-21,-0.85,0.69
2019-02-22,0.16,-0.85
2019-02-27,-0.61,-0.45
2019-02-28,-0.46,-0.61
2019-03-01,0.45,-0.46
2019-03-06,0.17,0.69
2019-03-07,-0.53,0.17
2019-03-08,-0.74,-0.53
2019-03-13,0.11,0.29
2019-03-14,0.37,0.11
2019-03-15,0.6,0.37
2019-03-20,-0.45,0.34
2019-03-21,0.88,-0.45
2019-03-22,-2.01,0.88
2019-03-27,-0.03,0.26
2019-03-28,0.56,-0.03
2019-03-29,0.62,0.56
2019-04-03,0.37,1.01
2019-04-04,-0.22,0.37
2019-04-05,0.61,-0.22
2019-04-10,-0.05,-0.35
2019-04-11,-0.05,-0.05
2019-04-12,0.26,-0.05
2019-04-17,0.02,0.44
2019-04-18,-0.15,0.02
2019-04-25,-0.5,-0.68
2019-04-26,-0.08,-0.5
2019-05-01,-0.44,-0.3
2019-05-02,-0.46,-0.44
2019-05-03,0.4,-0.46
2019-05-09,-0.87,0.15
2019-05-10,-0.06,-0.87
2019-05-15,0.76,1.09
2019-05-16,0.78,0.76
2019-05-17,-0.07,0.78
2019-05-22,0.07,0.25
2019-05-23,-1.41,0.07
2019-05-24,0.65,-1.41
2019-05-30,0.46,-1.15
2019-05-31,-0.78,0.46
2019-06-05,0.08,0.41
2019-06-06,0.55,0.08
2019-06-07,0.99,0.55
2019-06-12,-0.42,0.31
2019-06-13,0.01,-0.42
2019-06-14,-0.31,0.01
2019-06-19,-0.53,1.17
2019-06-20,0.28,-0.53
2019-06-21,-0.23,0.28
2019-06-26,-0.08,0.08
2019-06-27,-0.19,-0.08
2019-06-28,0.31,-0.19
2019-07-03,0.66,0.82
2019-07-04,-0.08,0.66
2019-07-05,-0.66,-0.08
2019-07-10,-0.08,-0.17
2019-07-11,-0.28,-0.08
2019-07-12,-0.05,-0.28
2019-07-17,-0.55,0.6
2019-07-18,-0.56,-0.55
2019-07-19,0.21,-0.56
2019-07-24,-0.73,0.56
2019-07-25,-0.17,-0.73
2019-07-26,0.8,-0.17
2019-07-31,-0.78,-0.52
2019-08-01,-0.03,-0.78
2019-08-02,-2.34,-0.03
2019-08-07,0.38,-0.72
2019-08-08,1.21,0.38
2019-08-09,-0.44,1.21
2019-08-14,-1.42,0.33
2019-08-15,-1.13,-1.42
2019-08-16,0.71,-1.13
2019-08-21,1.11,-0.9
2019-08-22,-1.05,1.11
2019-08-23,-0.47,-1.05
2019-08-29,0.98,0.35
2019-08-30,0.32,0.98
2019-09-04,0.59,-0.19
2019-09-05,-0.55,0.59
2019-09-06,0.15,-0.55
2019-09-11,0.96,0.44
2019-09-12,0.09,0.96
2019-09-13,0.31,0.09
2019-09-18,-0.09,-0.01
2019-09-19,0.58,-0.09
2019-09-20,-0.16,0.58
2019-09-25,-0.02,-0.47
2019-09-26,0.84,-0.02
2019-09-27,1.02,0.84
2019-10-02,-3.23,-0.65
2019-10-03,-0.63,-3.23
2019-10-04,1.1,-0.63
2019-10-09,0.33,-0.76
2019-10-10,0.28,0.33
2019-10-11,0.84,0.28
2019-10-16,-0.61,-0.03
2019-10-17,0.2,-0.61
2019-10-18,-0.44,0.2
2019-10-23,0.67,0.68
2019-10-24,0.93,0.67
2019-10-25,-0.05,0.93
2019-10-30,0.34,-0.34
2019-10-31,-1.12,0.34
2019-11-01,0.75,-1.12
2019-11-06,0.12,0.25
2019-11-07,0.13,0.12
2019-11-08,-0.63,0.13
2019-11-13,-0.19,0.5
2019-11-14,-0.8,-0.19
2019-11-15,0.14,-0.8
2019-11-20,-0.84,0.22
2019-11-21,-0.33,-0.84
2019-11-22,1.22,-0.33
2019-11-27,0.36,0.09
2019-11-28,-0.18,0.36
2019-11-29,-0.94,-0.18
2019-12-04,0.42,-1.75
2019-12-05,-0.7,0.42
2019-12-06,1.43,-0.7
2019-12-11,0.03,-0.28
2019-12-12,0.79,0.03
2019-12-13,1.1,0.79
2019-12-18,0.21,0.08
2019-12-19,0.44,0.21
2019-12-20,0.11,0.44
2020-01-08,0.01,-0.02
2020-01-09,0.31,0.01
2020-01-10,-0.14,0.31
2020-01-15,0.27,0.06
2020-01-16,-0.43,0.27
2020-01-17,0.85,-0.43
2020-01-22,-0.51,-0.53
2020-01-23,-0.85,-0.51
2020-01-24,1.04,-0.85
2020-01-29,0.04,0.93
2020-01-30,-1.36,0.04
2020-01-31,-1.3,-1.36
2020-02-05,0.57,1.55
2020-02-06,0.3,0.57
2020-02-07,-0.51,0.3
2020-02-12,0.47,0.71
2020-02-13,-1.09,0.47
2020-02-14,-0.58,-1.09
2020-02-19,1.02,-0.69
2020-02-20,-0.27,1.02
2020-02-21,-0.44,-0.27
2020-02-26,0.35,-1.94
2020-02-27,-3.49,0.35
2020-02-28,-3.18,-3.49
2020-03-04,1.45,0.95
2020-03-05,-1.62,1.45
2020-03-06,-3.62,-1.62
2020-03-11,-1.4,-0.09
2020-03-12,-10.87,-1.4
2020-03-13,2.46,-10.87
2020-03-18,-4.05,2.79
2020-03-19,1.4,-4.05
2020-03-20,0.76,1.4
2020-03-25,4.45,9.05
2020-03-26,2.24,4.45
2020-03-27,-5.25,2.24
2020-04-01,-3.83,1.95
2020-04-02,0.47,-3.83
2020-04-03,-1.18,0.47
2020-04-08,-0.47,2.19
2020-04-09,2.9,-0.47
2020-04-16,0.55,-3.34
2020-04-17,2.82,0.55
2020-04-22,2.3,-2.96
2020-04-23,0.97,2.3
2020-04-24,-1.28,0.97
2020-04-29,2.63,1.91
2020-04-30,-3.5,2.63
2020-05-01,-2.34,-3.5
2020-05-06,0.07,1.66
2020-05-07,1.4,0.07
2020-05-13,-1.51,0.93
2020-05-14,-2.75,-1.51
2020-05-15,1.01,-2.75
2020-05-20,1.08,-0.77
2020-05-21,-0.86,1.08
2020-05-22,-0.37,-0.86
2020-05-28,1.21,1.26
2020-05-29,-2.29,1.21
2020-06-03,2.61,0.87
2020-06-04,-0.64,2.61
2020-06-05,2.25,-0.64
2020-06-10,-0.1,-2.11
2020-06-11,-3.99,-0.1
2020-06-12,0.47,-3.99
2020-06-17,0.17,2.94
2020-06-18,-0.47,0.17
2020-06-19,1.1,-0.47
2020-06-24,-3.11,1.21
2020-06-25,0.38,-3.11
2020-06-26,0.2,0.38
2020-07-01,-0.19,-0.9
2020-07-02,1.34,-0.19
2020-07-03,-1.33,1.34
2020-07-08,-0.55,-1.53
2020-07-09,-1.73,-0.55
2020-07-10,0.76,-1.73
2020-07-15,1.83,0.06
2020-07-16,-0.67,1.83
2020-07-17,0.63,-0.67
2020-07-22,-1.0,0.13
2020-07-23,0.07,-1.0
2020-07-24,-1.41,0.07
2020-07-29,0.04,0.4
2020-07-30,-2.31,0.04
2020-07-31,-1.54,-2.31
2020-08-05,1.14,0.05
2020-08-06,-1.27,1.14
2020-08-07,0.09,-1.27
2020-08-12,2.04,1.71
2020-08-13,-1.5,2.04
2020-08-14,-1.55,-1.5
2020-08-19,0.58,-0.83
2020-08-20,-1.61,0.58
2020-08-21,-0.19,-1.61
2020-08-26,0.14,-1.11
2020-08-27,-0.75,0.14
2020-08-28,-0.61,-0.75
2020-09-03,-1.52,1.35
2020-09-04,-0.88,-1.52
2020-09-09,1.39,-0.12
2020-09-10,-0.16,1.39
2020-09-11,0.48,-0.16
2020-09-16,-0.44,1.32
2020-09-17,-0.47,-0.44
2020-09-18,-0.71,-0.47
2020-09-23,1.2,0.43
2020-09-24,-1.3,1.2
2020-09-25,0.34,-1.3
2020-09-30,-0.53,-0.51
2020-10-01,0.23,-0.53
2020-10-02,0.39,0.23
2020-10-07,-0.06,0.12
2020-10-08,0.53,-0.06
2020-10-09,0.65,0.53
2020-10-14,-0.58,-0.53
2020-10-15,-1.73,-0.58
2020-10-16,1.49,-1.73
2020-10-21,-1.91,0.08
2020-10-22,0.16,-1.91
2020-10-23,1.29,0.16
2020-10-28,-2.55,-1.09
2020-10-29,-0.02,-2.55
2020-10-30,-0.08,-0.02
2020-11-04,1.67,2.33
2020-11-05,0.39,1.67
2020-11-06,0.07,0.39
2020-11-11,1.35,1.79
2020-11-12,-0.68,1.35
2020-11-13,-0.36,-0.68
2020-11-18,0.31,-0.87
2020-11-19,-0.8,0.31
2020-11-20,0.27,-0.8
2020-11-25,-0.64,1.55
2020-11-26,-0.44,-0.64
2020-11-27,0.07,-0.44
2020-12-02,1.23,1.89
2020-12-03,0.42,1.23
2020-12-04,0.92,0.42
2020-12-09,0.08,0.05
2020-12-10,0.54,0.08
2020-12-11,-0.8,0.54
2020-12-16,0.88,-0.28
2020-12-17,-0.3,0.88
2020-12-18,-0.33,-0.3
2020-12-23,0.66,0.57
2020-12-24,0.1,0.66
2020-12-31,-1.45,-0.71
2021-01-06,3.47,0.61
2021-01-07,0.22,3.47
2021-01-08,0.24,0.22
2021-01-13,-0.13,-0.65
2021-01-14,0.84,-0.13
2021-01-15,-0.97,0.84
2021-01-20,0.41,-0.11
2021-01-21,-0.37,0.41
2021-01-22,-0.3,-0.37
2021-01-27,-1.3,0.23
2021-01-28,-0.63,-1.3
2021-01-29,-1.82,-0.63
2021-02-03,-0.14,0.78
2021-02-04,-0.06,-0.14
2021-02-05,-0.22,-0.06
2021-02-10,-0.11,0.12
2021-02-11,0.07,-0.11
2021-02-12,0.94,0.07
2021-02-17,-0.56,-0.11
2021-02-18,-1.4,-0.56
2021-02-19,0.1,-1.4
2021-02-24,0.5,0.21
2021-02-25,-0.11,0.5
2021-02-26,-2.53,-0.11
2021-03-03,0.93,0.38
2021-03-04,-0.37,0.93
2021-03-05,-0.31,-0.37
2021-03-10,-0.07,0.17
2021-03-11,0.17,-0.07
2021-03-12,0.36,0.17
2021-03-17,-0.6,0.8
2021-03-18,0.25,-0.6
2021-03-19,-1.05,0.25
2021-03-24,0.2,-0.4
2021-03-25,-0.57,0.2
2021-03-26,0.99,-0.57
2021-03-31,-0.86,0.53
2021-04-01,0.35,-0.86
2021-04-08,0.83,0.91
2021-04-09,-0.38,0.83
2021-04-14,0.71,0.02
2021-04-15,0.63,0.71
2021-04-16,0.52,0.63
2021-04-21,0.52,-2.0
2021-04-22,0.62,0.52
2021-04-23,0.0,0.62
2021-04-28,0.27,-0.26
2021-04-29,-0.03,0.27
2021-04-30,0.12,-0.03
2021-05-06,0.52,1.68
2021-05-07,0.76,0.52
2021-05-12,0.82,-2.47
2021-05-13,-0.59,0.82
2021-05-14,1.15,-0.59
2021-05-19,-1.19,0.02
2021-05-20,1.0,-1.19
2021-05-21,-0.02,1.0
2021-05-26,-0.04,-0.31
2021-05-27,-0.1,-0.04
2021-05-28,0.04,-0.1
2021-06-03,-0.61,0.39
2021-06-04,0.07,-0.61
2021-06-09,-0.2,0.25
2021-06-10,0.1,-0.2
2021-06-11,0.65,0.1
2021-06-16,0.17,0.36
2021-06-17,-0.44,0.17
2021-06-18,-1.9,-0.44
2021-06-23,-0.22,0.39
2021-06-24,0.51,-0.22
2021-06-25,0.37,0.51
2021-06-30,-0.71,0.21
2021-07-01,1.25,-0.71
2021-07-02,-0.03,1.25
2021-07-07,0.71,-0.89
2021-07-08,-1.68,0.71
2021-07-09,1.3,-1.68
2021-07-14,-0.47,-0.01
2021-07-15,-1.12,-0.47
2021-07-16,-0.06,-1.12
2021-07-21,1.7,0.54
2021-07-22,-0.43,1.7
2021-07-23,0.85,-0.43
2021-07-28,0.29,-0.42
2021-07-29,0.88,0.29
2021-07-30,-0.65,0.88
2021-08-04,0.26,0.34
2021-08-05,-0.05,0.26
2021-08-06,0.04,-0.05
2021-08-11,0.83,0.4
2021-08-12,-0.37,0.83
2021-08-13,0.35,-0.37
2021-08-18,-0.16,0.38
2021-08-19,-1.54,-0.16
2021-08-20,0.41,-1.54
2021-08-25,0.34,0.24
2021-08-26,-0.35,0.34
2021-08-27,0.32,-0.35
2021-09-02,0.2,0.42
2021-09-03,-0.36,0.2
2021-09-08,-0.75,-0.53
2021-09-09,-1.01,-0.75
2021-09-10,0.07,-1.01
2021-09-15,-0.25,-0.49
2021-09-16,0.16,-0.25
2021-09-17,-0.91,0.16
2021-09-22,1.47,1.12
2021-09-23,-0.07,1.47
2021-09-24,-0.38,-0.07
2021-09-29,1.14,-0.5
2021-09-30,-0.31,1.14
2021-10-01,-0.84,-0.31
2021-10-06,-1.15,0.94
2021-10-07,1.17,-1.15
2021-10-08,0.25,1.17
2021-10-13,0.16,-0.23
2021-10-14,0.92,0.16
2021-10-15,0.37,0.92
2021-10-20,0.08,0.19
2021-10-21,-0.45,0.08
2021-10-22,0.2,-0.45
2021-10-27,-0.33,0.76
2021-10-28,-0.05,-0.33
2021-10-29,-0.16,-0.05
2021-11-03,-0.36,-0.19
2021-11-04,0.43,-0.36
2021-11-05,0.33,0.43
2021-11-10,0.91,-0.36
2021-11-11,0.6,0.91
2021-11-12,-0.49,0.6
2021-11-17,-0.49,-0.34
2021-11-18,-0.48,-0.49
2021-11-19,-0.45,-0.48
2021-11-24,0.27,0.15
2021-11-25,0.33,0.27
2021-11-26,-3.64,0.33
2021-12-01,1.55,-0.71
2021-12-02,-0.55,1.55
2021-12-03,-0.1,-0.55
2021-12-08,-0.04,1.49
2021-12-09,-0.22,-0.04
2021-12-10,-0.4,-0.22
2021-12-15,-0.66,-0.18
2021-12-16,1.25,-0.66
2021-12-17,0.13,1.25
2021-12-22,0.61,1.38
2021-12-23,0.43,0.61
2021-12-24,-0.02,0.43
2021-12-31,-0.25,-0.24
2022-01-06,-0.88,0.16
2022-01-07,0.47,-0.88
2022-01-12,0.81,0.62
2022-01-13,0.16,0.81
2022-01-14,-0.28,0.16
2022-01-19,0.35,-0.63
2022-01-20,-0.06,0.35
2022-01-21,-1.2,-0.06
2022-01-26,1.33,1.02
2022-01-27,1.13,1.33
2022-01-28,-1.17,1.13
2022-02-02,0.63,0.96
2022-02-03,-0.71,0.63
2022-02-04,-0.17,-0.71
2022-02-09,1.01,-0.08
2022-02-10,0.38,1.01
2022-02-11,-0.15,0.38
2022-02-16,-0.07,1.03
2022-02-17,-0.87,-0.07
2022-02-18,-0.32,-0.87
2022-02-23,0.05,0.13
2022-02-24,-3.88,0.05
2022-02-25,3.91,-3.88
2022-03-02,1.36,-1.72
2022-03-03,-2.57,1.36
2022-03-04,-3.48,-2.57
2022-03-09,3.25,0.07
2022-03-10,-1.27,3.25
2022-03-11,0.8,-1.27
2022-03-16,1.62,-0.25
2022-03-17,1.28,1.62
2022-03-18,0.26,1.28
2022-03-23,-0.22,0.46
2022-03-24,0.09,-0.22
2022-03-25,0.21,0.09
2022-03-30,0.55,0.86
2022-03-31,-0.83,0.55
2022-04-01,0.3,-0.83
2022-04-06,-0.34,0.72
2022-04-07,-0.47,-0.34
2022-04-08,1.56,-0.47
2022-04-13,0.05,-0.55
2022-04-14,0.47,0.05
2022-04-21,-0.02,0.37
2022-04-22,-1.39,-0.02
2022-04-27,0.53,0.08
2022-04-28,1.13,0.53
2022-04-29,0.47,1.13
2022-05-05,0.13,-0.9
2022-05-06,-1.54,0.13
2022-05-11,1.44,0.37
2022-05-12,-1.56,1.44
2022-05-13,2.55,-1.56
2022-05-18,-1.07,0.72
2022-05-19,-1.82,-1.07
2022-05-20,1.19,-1.82
2022-05-25,0.51,-0.39
2022-05-26,0.56,0.51
2022-05-27,0.27,0.56
2022-06-01,-0.98,0.1
2022-06-08,-0.08,-0.12
2022-06-09,-1.54,-0.08
2022-06-10,-2.12,-1.54
2022-06-15,1.2,-0.25
2022-06-16,-3.14,1.2
2022-06-17,-0.41,-3.14
2022-06-22,-0.88,0.42
2022-06-23,-0.97,-0.88
2022-06-24,2.68,-0.97
2022-06-29,-0.15,0.9
2022-06-30,-1.96,-0.15
2022-07-01,-0.01,-1.96
2022-07-06,1.17,-2.86
2022-07-07,1.14,1.17
2022-07-08,0.1,1.14
2022-07-13,-0.74,0.18
2022-07-14,-1.63,-0.74
2022-07-15,1.69,-1.63
2022-07-20,-0.44,1.01
2022-07-21,0.09,-0.44
2022-07-22,0.08,0.09
2022-07-27,0.57,-0.0
2022-07-28,-0.04,0.57
2022-07-29,1.06,-0.04
2022-08-03,0.49,-0.06
2022-08-04,0.03,0.49
2022-08-05,-0.11,0.03
2022-08-10,0.25,0.08
2022-08-11,-0.55,0.25
2022-08-12,0.47,-0.55
2022-08-17,-0.27,0.36
2022-08-18,0.35,-0.27
2022-08-19,0.11,0.35
2022-08-24,-0.22,-0.61
2022-08-25,0.11,-0.22
2022-08-26,-0.7,0.11
2022-09-01,-1.86,-1.05
2022-09-02,1.86,-1.86
2022-09-07,-0.86,0.18
2022-09-08,0.33,-0.86
2022-09-09,1.23,0.33
2022-09-14,-1.47,-1.17
2022-09-15,0.07,-1.47
2022-09-16,-0.62,0.07
2022-09-22,-1.08,0.63
2022-09-23,-1.97,-1.08
2022-09-28,0.3,-0.52
2022-09-29,-1.77,0.3
2022-09-30,0.18,-1.77
2022-10-05,-0.48,2.57
2022-10-06,-0.78,-0.48
2022-10-07,-0.09,-0.78
2022-10-12,-0.86,-1.06
2022-10-13,0.35,-0.86
2022-10-14,0.12,0.35
2022-10-19,-0.17,0.24
2022-10-20,0.27,-0.17
2022-10-21,0.37,0.27
2022-10-26,0.61,-0.01
2022-10-27,0.25,0.61
2022-10-28,-0.37,0.25
2022-11-02,-0.58,1.29
2022-11-03,0.62,-0.58
2022-11-04,2.03,0.62
2022-11-09,-0.14,0.08
2022-11-10,1.08,-0.14
2022-11-11,-0.78,1.08
2022-11-16,-0.25,-0.21
2022-11-17,-0.06,-0.25
2022-11-18,0.53,-0.06
2022-11-23,0.17,1.03
2022-11-24,0.02,0.17
2022-11-25,0.27,0.02
2022-11-30,0.81,0.51
2022-12-01,-0.19,0.81
2022-12-02,-0.03,-0.19
2022-12-07,-0.43,-0.61
2022-12-08,-0.23,-0.43
2022-12-09,0.06,-0.23
2022-12-14,-0.09,0.76
2022-12-15,-0.93,-0.09
2022-12-16,-1.27,-0.93
2022-12-21,1.72,0.13
2022-12-22,-0.37,1.72
2022-12-23,0.05,-0.37
2022-12-30,-0.81,0.21
2023-01-05,0.64,0.41
2023-01-06,0.87,0.64
2023-01-11,0.4,-0.39
2023-01-12,0.89,0.4
2023-01-13,0.64,0.89
2023-01-18,-0.26,-0.12
2023-01-19,-1.07,-0.26
2023-01-20,0.3,-1.07
2023-01-25,-0.16,-0.35
2023-01-26,0.21,-0.16
2023-01-27,0.05,0.21
2023-02-01,-0.14,-0.17
2023-02-02,0.76,-0.14
2023-02-03,1.04,0.76
2023-02-08,0.26,0.36
2023-02-09,0.33,0.26
2023-02-10,-0.36,0.33
2023-02-15,0.55,0.08
2023-02-16,0.18,0.55
2023-02-17,-0.1,0.18
2023-02-22,-0.59,-0.46
2023-02-23,-0.29,-0.59
2023-02-24,-0.37,-0.29
2023-03-01,0.49,-0.74
2023-03-02,0.37,0.49
2023-03-03,0.04,0.37
2023-03-08,0.13,-0.13
2023-03-09,-0.63,0.13
2023-03-10,-1.67,-0.63
2023-03-15,-3.83,1.17
2023-03-16,0.89,-3.83
2023-03-17,-1.01,0.89
2023-03-22,0.41,1.79
2023-03-23,-0.89,0.41
2023-03-24,-1.26,-0.89
2023-03-29,1.07,0.17
2023-03-30,0.74,1.07
2023-03-31,0.15,0.74
2023-04-05,0.37,-0.5
2023-04-06,1.03,0.37
2023-04-13,0.24,0.5
2023-04-14,0.36,0.24
2023-04-19,-0.13,0.38
2023-04-20,0.05,-0.13
2023-04-21,0.15,0.05
2023-04-26,-0.49,-0.27
2023-04-27,-0.27,-0.49
2023-04-28,0.5,-0.27
2023-05-04,-1.1,0.2
2023-05-05,0.98,-1.1
2023-05-11,-0.14,-0.29
2023-05-12,0.31,-0.14
2023-05-17,-0.36,-0.34
2023-05-18,0.25,-0.36
2023-05-19,0.19,0.25
2023-05-24,-1.75,-0.1
2023-05-25,-0.74,-1.75
2023-05-26,0.74,-0.74
2023-06-01,0.59,-1.01
2023-06-02,1.56,0.59
2023-06-07,-0.05,0.37
2023-06-08,-0.32,-0.05
2023-06-09,-0.49,-0.32
2023-06-14,0.1,0.32
2023-06-15,0.34,0.1
2023-06-16,0.19,0.34
2023-06-21,-0.13,-0.25
2023-06-22,-0.76,-0.13
2023-06-23,-0.54,-0.76
2023-06-28,0.52,0.11
2023-06-29,-0.38,0.52
2023-06-30,0.8,-0.38
2023-07-05,-1.03,-0.1
2023-07-06,-2.17,-1.03
2023-07-07,-0.32,-2.17
2023-07-12,1.83,0.12
2023-07-13,0.32,1.83
2023-07-14,-0.08,0.32
2023-07-19,1.8,0.64
2023-07-20,0.76,1.8
2023-07-21,0.23,0.76
2023-07-26,-0.19,0.17
2023-07-27,0.21,-0.19
2023-07-28,0.02,0.21
2023-08-02,-1.36,-0.43
2023-08-03,-0.43,-1.36
2023-08-04,0.47,-0.43
2023-08-09,0.8,-0.36
2023-08-10,0.41,0.8
2023-08-11,-1.24,0.41
2023-08-16,-0.44,-1.57
2023-08-17,-0.63,-0.44
2023-08-18,-0.65,-0.63
2023-08-23,0.68,0.18
2023-08-24,0.18,0.68
2023-08-25,0.07,0.18
2023-08-31,-0.46,0.12
2023-09-01,0.34,-0.46
2023-09-06,-0.16,-0.2
2023-09-07,0.21,-0.16
2023-09-08,0.49,0.21
2023-09-13,-0.02,0.41
2023-09-14,1.95,-0.02
2023-09-15,0.5,1.95
2023-09-20,0.93,0.09
2023-09-21,-0.69,0.93
2023-09-22,0.07,-0.69
2023-09-27,-0.43,0.02
2023-09-28,0.11,-0.43
2023-09-29,0.08,0.11
2023-10-04,-0.77,-0.54
2023-10-05,0.53,-0.77
2023-10-06,0.58,0.53
2023-10-11,-0.11,1.82
2023-10-12,0.32,-0.11
2023-10-13,-0.59,0.32
2023-10-18,-1.14,0.58
2023-10-19,-1.17,-1.14
2023-10-20,-1.3,-1.17
2023-10-25,0.33,0.2
2023-10-26,-0.81,0.33
2023-10-27,-0.86,-0.81
2023-11-01,0.28,-0.08
2023-11-02,1.42,0.28
2023-11-03,-0.39,1.42
2023-11-08,-0.11,-0.1
2023-11-09,0.73,-0.11
2023-11-10,-1.28,0.73
2023-11-15,0.62,0.2
2023-11-16,-1.01,0.62
2023-11-17,1.26,-1.01
2023-11-22,-0.17,-0.19
2023-11-23,0.19,-0.17
2023-11-24,0.06,0.19
2023-11-29,-0.43,-0.07
2023-11-30,0.41,-0.43
2023-12-01,1.01,0.41
2023-12-06,0.34,-0.31
2023-12-07,-0.02,0.34
2023-12-08,0.54,-0.02
2023-12-13,0.08,-0.03
2023-12-14,1.33,0.08
2023-12-15,-0.95,1.33
2023-12-20,1.02,0.31
2023-12-21,-0.27,1.02
2023-12-22,0.04,-0.27
2023-12-29,0.14,-0.03
