Date,ADS Change,EPU Change,% FTSE100 Change,Previous Day % FTSE100 Change,% MSCI Change,Vix Close,Change in SWAV
2017-01-05,-0.02082,-42.19999999999993,0.08,0.17,0.48,11.67,0.0073978159970895
2017-01-06,-0.0203489999999999,17.16999999999996,0.2,0.08,0.04,11.32,0.024226682175037
2017-01-11,-0.0189664,-23.99000000000001,0.21,0.52,-0.08,11.26,-0.0017153648417265
2017-01-12,-0.0188253999999999,-85.63,0.03,0.21,0.3,11.54,0.0044666595247541
2017-01-13,-0.0186915,8.0,0.62,0.03,0.27,11.23,-0.0041046694132054
2017-01-18,-0.0161742,-220.96000000000004,0.38,-1.46,0.16,12.48,-0.0006986568411064
2017-01-19,-0.0154303999999999,-187.98,-0.54,0.38,-0.54,12.78,0.0044342215460154
2017-01-20,-0.0146909999999999,163.26999999999992,-0.14,-0.54,0.38,11.54,0.0195201284348689
2017-01-25,-0.013633,188.85,0.2,-0.01,0.85,10.81,-0.0001747111570585
2017-01-26,-0.013776,-171.45,-0.04,0.2,-0.11,10.63,0.00859702311849
2017-01-27,-0.0139259999999999,-72.10999999999999,0.32,-0.04,-0.02,10.58,0.0095596363025228
2017-02-01,-0.0150899999999999,95.32999999999998,0.12,-0.27,0.06,11.81,0.0026316855749805
2017-02-02,-0.014342,-166.45999999999998,0.47,0.12,0.1,11.93,0.0104436613856835
2017-02-03,-0.0136,281.51,0.67,0.47,0.58,10.97,0.0036204062047602
2017-02-08,-0.008149,-13.54000000000002,0.04,0.2,0.28,11.45,-0.0040836574451394
2017-02-09,-0.006828,-103.14,0.57,0.04,0.29,10.88,-0.0013992300956636
2017-02-10,-0.0055099999999999,101.43,0.4,0.57,0.4,10.85,0.0145981016733199
2017-02-15,0.0011959999999999,119.24,0.47,-0.14,0.54,11.97,0.0205323146495843
2017-02-16,0.002556,-279.52000000000004,-0.34,0.47,0.16,11.76,0.0220788363911824
2017-02-17,0.003916,44.75,0.3,-0.34,-0.0,11.49,-0.0131980017362152
2017-02-22,0.0080889999999999,80.93,0.38,-0.34,-0.04,11.74,0.0036938509896196
2017-02-23,0.008577,-56.400000000000034,-0.42,0.38,0.16,11.71,0.0056398280640088
2017-02-24,0.00907,-21.409999999999968,-0.38,-0.42,-0.25,11.47,-0.0017146618153128
2017-03-01,0.015723,-147.29999999999995,1.64,0.14,0.96,12.54,-0.0021801134487147
2017-03-02,0.016079,37.21000000000004,-0.01,1.64,-0.4,11.81,0.0208980535524019
2017-03-03,0.0164419999999999,-353.98,-0.11,-0.01,0.01,10.96,0.0156433666380526
2017-03-08,0.015349,165.16999999999996,-0.06,-0.15,-0.32,11.86,-0.0024257234365185
2017-03-09,0.0147499999999999,327.35,-0.27,-0.06,0.06,12.3,0.0122035468966222
2017-03-10,0.014155,-563.3199999999999,0.38,-0.27,0.54,11.66,-0.0054865993049983
2017-03-15,0.0132847,-602.41,0.15,-0.13,0.61,11.63,0.0014589710701677
2017-03-16,0.0133952,11.439999999999998,0.64,0.15,0.54,11.21,0.0012605027815457
2017-03-17,0.0135109,-64.57999999999998,0.12,0.64,-0.05,11.28,0.0027784986473009
2017-03-22,0.0134189,310.89,-0.73,-0.69,-0.2,12.81,0.0035020672348422
2017-03-23,0.0133163999999999,-86.80999999999995,0.22,-0.73,0.13,13.12,0.0068344543076371
2017-03-24,0.013219,-226.72000000000003,-0.05,0.22,0.05,12.96,0.0068095092061465
2017-03-29,0.0100179999999999,90.47999999999996,0.41,0.68,-0.11,11.42,0.0022059897955136
2017-03-30,0.00902,-232.31,-0.06,0.41,0.17,11.54,0.0045175782315435
2017-03-31,0.008024,262.53,-0.63,-0.06,-0.34,12.37,0.0075555309535484
2017-04-05,0.004451,7.789999999999964,0.13,0.54,-0.22,12.89,0.0010854704217875
2017-04-06,0.0040979999999999,-8.689999999999998,-0.39,0.13,0.03,12.39,0.0011348076734079
2017-04-07,0.0037459999999999,-45.99000000000001,0.63,-0.39,-0.06,12.87,-0.0101949631931521
2017-04-12,0.002435,27.629999999999995,-0.22,0.23,-0.27,15.77,0.001266652836065
2017-04-13,0.0022339999999999,-14.439999999999998,-0.29,-0.22,-0.54,15.96,0.0233386448234197
2017-04-20,0.000533,-257.95,0.06,-0.46,0.63,14.15,0.0083074097540004
2017-04-21,0.0002579999999999,100.97999999999996,-0.06,0.06,-0.25,14.63,0.0023918158168796
2017-04-26,-0.0028419999999999,31.100000000000023,0.18,0.15,0.02,10.85,0.0033274136955498
2017-04-27,-0.003693,-117.27000000000004,-0.71,0.18,-0.07,10.36,-6.089909000972504e-05
2017-04-28,-0.004546,135.57,-0.46,-0.71,-0.15,10.82,-0.0026288453582505
2017-05-04,-0.0066859999999999,3.6399999999999855,0.19,-0.21,0.18,10.46,0.0072694883050898
2017-05-05,-0.0066489999999999,185.62,0.68,0.19,0.54,10.57,0.0048710860719685
2017-05-10,-0.006511,88.34,0.59,0.57,0.13,10.21,0.0016583902919748
2017-05-11,-0.0064929999999999,208.3,0.02,0.59,-0.25,10.6,0.0021875577664061
2017-05-12,-0.0064767,-153.15000000000003,0.66,0.02,0.09,10.4,-0.0025313086733022
2017-05-17,-0.0063123999999999,1442.29,-0.25,0.91,-1.24,15.59,0.0023487680051991
2017-05-18,-0.0062707,-1484.06,-0.89,-0.25,-0.09,14.66,0.0041108854165811
2017-05-19,-0.0062311999999999,48.99000000000001,0.46,-0.89,0.73,12.04,-0.0026819649715048
2017-05-24,-0.0040604999999999,-175.21000000000004,0.4,-0.15,0.06,10.02,0.0033815783349867
2017-05-25,-0.0033642,-3.0299999999999727,0.04,0.4,0.36,9.99,0.0204398591505891
2017-05-26,-0.0026693999999999,-43.360000000000014,0.4,0.04,-0.12,9.81,-0.0026536219003467
2017-06-01,-0.00184598,127.81999999999994,0.32,-0.09,0.59,9.89,-0.003032346931429
2017-06-02,-0.00199546,-125.57999999999991,0.05,0.32,0.63,9.75,-0.0040042083194115
2017-06-07,-0.00330628,367.16,-0.62,-0.01,0.05,10.39,0.008599894964178
2017-06-08,-0.0036451299999999,-72.33000000000004,-0.38,-0.62,-0.15,10.16,0.0062387511317948
2017-06-09,-0.0039854,103.15999999999995,1.04,-0.38,-0.07,10.7,0.0053739909324567
2017-06-14,-0.0043996,97.24,-0.35,-0.15,0.09,10.64,0.0073762463305626
2017-06-15,-0.0043127,-193.75,-0.74,-0.35,-0.73,10.9,0.0085241317889255
2017-06-16,-0.0042274999999999,-1.4500000000000457,0.6,-0.74,0.35,10.38,-0.0022359500725505
2017-06-21,-0.0046280999999999,-108.13,-0.33,-0.68,-0.13,10.75,-0.002128085894315
2017-06-22,-0.0048202,-0.169999999999959,-0.11,-0.33,0.08,10.48,-0.0016974136255949
2017-06-23,-0.0050142999999999,296.33000000000004,-0.2,-0.11,0.18,10.02,0.0020149112645407
2017-06-28,-0.0045554,211.54,-0.63,-0.17,0.74,10.03,4.808146953960701e-05
2017-06-29,-0.004275,-339.61999999999995,-0.51,-0.63,-0.63,11.44,3.7594106149896334e-05
2017-06-30,-0.0039959999999999,466.1,-0.51,-0.51,-0.16,11.18,0.0140248084777963
2017-07-05,-0.002856,-99.07,0.14,-0.27,0.07,11.07,-6.42863086871559e-05
2017-07-06,-0.0027089999999999,19.279999999999973,-0.41,0.14,-0.59,12.54,0.0008322544567812
2017-07-07,-0.002562,113.65000000000003,0.19,-0.41,0.22,11.19,0.0085334166144348
2017-07-12,-0.004125,315.38,1.19,-0.55,0.9,10.3,0.0026388350007455
2017-07-13,-0.004746,-373.0,-0.05,1.19,0.21,9.9,0.0015080442048365
2017-07-14,-0.0053689999999999,154.75,-0.47,-0.05,0.57,9.51,-0.0038787344023372
2017-07-19,-0.0061599999999999,-224.41000000000008,0.55,-0.19,0.46,9.79,-0.0029582509077022
2017-07-20,-0.0060119999999999,-235.28,0.77,0.55,0.24,9.58,0.0092105263529923
2017-07-21,-0.005866,226.85,-0.47,0.77,-0.23,9.36,-0.0266384769368018
2017-07-26,-0.006245,59.07999999999993,0.24,0.77,0.07,9.6,-0.0029046472159742
2017-07-27,-0.00647,-226.94999999999996,-0.12,0.24,0.08,10.11,0.00996020869637
2017-07-28,-0.006699,-25.96000000000004,-1.0,-0.12,-0.16,10.29,0.0038394727415618
2017-08-02,-0.0057409999999999,-120.89999999999998,-0.16,0.7,-0.01,10.28,-0.000710256840084
2017-08-03,-0.0049899999999999,-133.14999999999998,0.85,-0.16,-0.08,10.44,0.007965849309604
2017-08-04,-0.0042399999999999,368.36,0.49,0.85,-0.05,10.03,0.0014999107739114
2017-08-09,-0.0029079999999999,-59.089999999999975,-0.59,0.14,-0.25,11.11,6.0877572552686665e-05
2017-08-10,-0.0029649999999999,-58.48000000000002,-1.44,-0.59,-1.1,16.04,-0.0007858114222535
2017-08-11,-0.003022,44.69,-1.08,-1.44,-0.13,15.51,0.0032460231368262
2017-08-16,-0.002155,25.16999999999996,0.67,0.41,0.25,11.74,-0.0045211663928854
2017-08-17,-0.0018299999999999,-78.15999999999997,-0.61,0.67,-0.91,15.55,0.0109668052994641
2017-08-18,-0.001503,-238.08,-0.86,-0.61,-0.31,14.26,0.0004845538613889
2017-08-23,0.0003859999999999,75.08000000000001,0.01,0.86,-0.16,12.25,-0.0022735799463854
2017-08-24,0.0007989999999999,180.72,0.33,0.01,-0.13,12.23,0.0070912743396052
2017-08-25,0.0012119999999999,-68.96999999999997,-0.08,0.33,0.25,11.28,-0.0034136089239547
2017-08-31,0.012338,-13.289999999999992,0.89,0.38,0.63,10.59,0.0067624888825902
2017-09-01,0.0149219999999999,161.83999999999995,0.11,0.89,0.31,10.13,0.0031513080999366
2017-09-06,0.020057,-55.09000000000003,-0.25,-0.52,0.23,11.63,0.0002390198242938
2017-09-07,0.0199359999999999,-25.00999999999999,0.58,-0.25,0.28,11.55,0.0087173574113391
2017-09-08,0.019822,219.88,-0.26,0.58,-0.0,12.12,-0.0027606083829037
2017-09-13,0.0190897,203.32999999999996,-0.28,-0.17,-0.08,10.5,-0.0016967730004099
2017-09-14,0.018928,46.8900000000001,-1.14,-0.28,-0.17,10.44,0.0090750954788813
2017-09-15,0.01877378,-188.19000000000003,-1.1,-1.14,0.22,10.17,-0.0096458938800865
2017-09-20,0.0210474999999999,143.82,-0.05,0.3,0.13,9.78,-0.000698114378085
2017-09-21,0.0219169,-366.89,-0.11,-0.05,-0.42,9.67,-0.0011704294481876
2017-09-22,0.022795,176.73999999999998,0.64,-0.11,0.21,9.59,0.0134330896556466
2017-09-27,0.0264509999999999,345.01000000000005,0.38,-0.21,0.24,9.87,2.9523309430068423e-05
2017-09-28,0.027096,-375.72,0.13,0.38,0.22,9.55,0.0020499001248299
2017-09-29,0.027751,-69.21000000000004,0.68,0.13,0.41,9.51,0.0120129256370126
2017-10-04,0.024401,-0.0600000000000022,-0.01,0.39,0.07,9.63,-0.0036466169240378
2017-10-05,0.022857,250.38,0.54,-0.01,0.26,9.19,0.0041122269986307
2017-10-06,0.0213209999999999,-380.52,0.2,0.54,-0.11,9.65,-0.0059321672260644
2017-10-11,0.0125599999999999,-74.12000000000006,-0.06,0.4,0.15,9.85,0.0006489064008963
2017-10-12,0.010665,-31.889999999999983,0.3,-0.06,-0.04,9.91,0.0026108344024393
2017-10-13,0.008776,81.81,-0.28,0.3,0.22,9.61,0.0087020094465664
2017-10-18,0.0024089999999999,-123.97000000000004,0.36,-0.14,0.15,10.07,0.0009229670320047
2017-10-19,0.0015469999999999,65.24000000000001,-0.26,0.36,0.14,10.05,0.0015703822084217
2017-10-20,0.0006829999999999,-112.25,0.0,-0.26,0.11,9.97,0.0010079749255631
2017-10-25,-0.0044199999999999,-63.370000000000005,-1.05,0.03,-0.39,11.23,0.000416995685362
2017-10-26,-0.00555,-84.46999999999997,0.53,-1.05,0.11,11.3,0.0035424720977868
2017-10-27,-0.0066809999999999,-110.23000000000002,0.25,0.53,0.44,9.8,0.0074137330212407
2017-11-01,-0.011465,-169.87,-0.07,0.07,0.21,10.2,-0.0099977416009949
2017-11-02,-0.011004,271.63000000000005,0.9,-0.07,0.1,9.93,-0.0190675373023256
2017-11-03,-0.0105459999999999,198.14,0.07,0.9,0.11,9.14,0.0103202945078189
2017-11-08,-0.0084509999999999,-229.45000000000005,0.22,-0.65,0.19,9.78,0.0056843870945427
2017-11-09,-0.00806,53.72000000000003,-0.61,0.22,-0.41,10.5,0.0152618760378896
2017-11-10,-0.007672,13.819999999999991,-0.68,-0.61,-0.1,11.29,0.0012082248133744
2017-11-15,-0.007653,-335.66,-0.56,-0.01,-0.53,13.13,0.0040168777121966
2017-11-16,-0.007909,0.8300000000000409,0.19,-0.56,0.73,11.76,-0.0015286061678876
2017-11-17,-0.0081659999999999,-118.73000000000002,-0.08,0.19,-0.13,11.43,0.0183530630648489
2017-11-22,-0.0088829999999999,22.909999999999968,0.1,0.3,0.14,9.88,0.0043811638217077
2017-11-23,-0.008954,-73.01999999999998,-0.02,0.1,0.16,9.88,0.0097857887977125
2017-11-24,-0.009028,-218.44000000000003,-0.1,-0.02,0.3,9.67,0.0038020820785885
2017-11-29,-0.0093489999999999,217.32000000000005,-0.9,1.04,-0.02,10.7,0.0065822224456433
2017-11-30,-0.009409,-415.58,-0.9,-0.9,0.54,11.28,0.0113508959004785
2017-12-01,-0.0094739999999999,-22.670000000000016,-0.36,-0.9,-0.38,11.43,0.0183856840799486
2017-12-06,-0.013669,151.44,0.28,-0.16,-0.26,11.02,0.0069553208701078
2017-12-07,-0.0147059999999999,-122.25,-0.37,0.28,0.26,10.16,0.014313275850327
2017-12-08,-0.015748,151.73000000000002,1.0,-0.37,0.48,9.58,0.0004223389728649
2017-12-13,-0.017514,-4.75,-0.05,0.63,0.05,10.18,-0.0004360269001241
2017-12-14,-0.017414,84.50999999999999,-0.65,-0.05,-0.33,10.49,0.001887664804923
2017-12-15,-0.0173225999999999,232.09000000000003,0.57,-0.65,0.38,9.42,0.0119174747906127
2017-12-20,-0.01802487,53.93000000000001,-0.25,0.09,-0.04,9.72,0.000366187668421
2017-12-21,-0.01832783,-187.41000000000005,1.05,-0.25,0.25,9.62,0.0116618611139373
2017-12-22,-0.0186377,26.08000000000004,-0.15,1.05,-0.06,9.9,0.0006049215474313
2017-12-29,-0.0232979999999999,-60.71000000000004,0.85,0.03,-0.16,11.04,0.0060356343954799
2018-01-04,-0.0189759999999999,-273.18000000000006,0.32,0.3,0.8,9.22,0.0155047022612695
2018-01-05,-0.016809,265.08000000000004,0.37,0.32,0.65,9.22,0.0023624375410268
2018-01-10,-0.0095709999999999,52.30000000000001,0.23,0.45,0.02,9.82,0.0012978881767051
2018-01-11,-0.008605,-86.69999999999999,0.19,0.23,0.44,9.88,0.0080370286965297
2018-01-12,-0.0076419999999999,99.95999999999998,0.2,0.19,0.62,10.16,-0.002831381255668
2018-01-17,0.000141,304.55,-0.39,-0.17,0.53,11.91,0.0026527398193284
2018-01-18,0.0020949999999999,-79.97000000000003,-0.32,-0.39,-0.15,12.22,0.0126877269008178
2018-01-19,0.00405,-197.86,0.39,-0.32,0.49,11.27,0.0044518334224459
2018-01-24,0.013346,-286.68,-1.14,0.21,0.1,11.47,0.0031317441858891
2018-01-25,0.0151509999999999,-45.88999999999999,-0.36,-1.14,0.09,11.58,0.0004661587175195
2018-01-26,0.016959,136.64,0.65,-0.36,0.65,11.08,-0.0053816016791818
2018-01-31,0.0260229999999999,135.32,-0.72,-1.09,-0.04,13.54,0.0017156985934829
2018-02-01,0.0278489999999999,-210.47,-0.57,-0.72,-0.03,13.47,0.0057219670928481
2018-02-02,0.026521,83.6,-0.63,-0.57,-1.85,17.31,-0.0023261811871194
2018-02-07,0.0207307,1.4699999999999989,1.93,-2.64,0.11,27.73,0.0010801342648127
2018-02-08,0.0196937999999999,105.49,-1.49,1.93,-2.67,33.46,-0.0114717685712236
2018-02-09,0.0186644999999999,-79.03,-1.09,-1.49,0.29,29.06,0.0140460583234237
2018-02-14,0.01272,-45.079999999999984,0.64,-0.13,1.21,19.26,-0.0172933592112198
2018-02-15,0.0114282,-38.860000000000014,0.29,0.64,1.19,19.13,0.0223609968749032
2018-02-16,0.0101408,-47.35999999999999,0.83,0.29,0.33,19.46,0.0048629123816142
2018-02-21,0.0041539999999999,-0.6699999999999875,0.48,-0.01,-0.37,20.02,-0.0019675890383149
2018-02-22,0.003016,149.20999999999998,-0.4,0.48,-0.06,18.72,0.0050543588835508
2018-02-23,0.00188,8.610000000000014,-0.11,-0.4,1.12,16.49,0.0026443040646954
2018-02-28,-0.0017929999999999,107.23,-0.69,-0.1,-1.05,19.85,0.0043728424851101
2018-03-01,-0.0022609999999999,197.98,-0.78,-0.69,-1.32,22.47,0.0062140561296788
2018-03-02,-0.001432,30.230000000000015,-1.47,-0.78,-0.01,19.59,-0.0002509870770088
2018-03-07,0.0004703,-265.03000000000003,0.16,0.43,-0.08,17.76,0.0037836404806109
2018-03-08,0.0005518999999999,-67.00999999999999,0.63,0.16,0.44,16.54,0.0008084527079449
2018-03-09,0.0006339999999999,151.83999999999995,0.3,0.63,1.13,14.64,0.00272701910051
2018-03-14,0.0019749999999999,166.39999999999998,-0.09,-1.05,-0.47,17.23,0.0040586625981551
2018-03-15,0.002367,-324.29999999999995,0.1,-0.09,-0.05,16.59,-0.0006277225632241
2018-03-16,0.002762,-44.06,0.34,0.1,0.03,15.8,0.0047693956118264
2018-03-21,0.0039599999999999,27.79000000000002,-0.32,0.26,-0.08,17.86,0.0089266508892922
2018-03-22,0.004098,-42.5,-1.23,-0.32,-1.72,23.34,0.0014678948985905
2018-03-23,0.0042379999999999,-12.370000000000005,-0.44,-1.23,-1.76,24.87,0.0067401818042303
2018-03-28,0.0069789999999999,-175.53000000000003,0.64,1.62,-0.38,22.87,0.0107059898826034
2018-03-29,0.007803,81.41000000000003,0.17,0.64,0.87,19.97,-0.002513062062591
2018-04-05,0.0067129999999999,32.19,2.35,0.05,0.94,18.94,0.013165859494549
2018-04-06,0.0058259999999999,207.11,-0.22,2.35,-1.34,21.49,0.0035795226539943
2018-04-11,0.001433,34.950000000000045,-0.13,1.0,-0.36,20.24,0.0074194801646942
2018-04-12,0.000558,-191.99,0.02,-0.13,0.4,18.49,0.0041418171338282
2018-04-13,-0.000314,337.24,0.09,0.02,-0.09,17.41,0.0038848532462161
2018-04-18,-0.008857,0.9500000000000456,1.26,0.39,0.35,15.6,0.0090964817266454
2018-04-19,-0.0111279999999999,53.329999999999984,0.16,1.26,-0.37,15.96,0.0035262885344519
2018-04-20,-0.0134029999999999,-86.42000000000002,0.54,0.16,-0.77,16.88,-0.0162947666653939
2018-04-25,-0.020849,60.35,-0.62,0.36,-0.23,17.84,-0.0009508174010728
2018-04-26,-0.0218234999999999,-151.46,0.57,-0.62,0.76,16.24,0.0078556910670881
2018-04-27,-0.0228075999999999,150.03,1.09,0.57,0.17,15.41,-0.0252775998816574
2018-05-02,-0.0254714,159.93999999999997,0.3,0.15,-0.34,15.97,-3.931439917115309e-05
2018-05-03,-0.0240844999999999,31.600000000000023,-0.54,0.3,-0.26,15.9,0.0115778275889685
2018-05-04,-0.0227071,-115.5,0.86,-0.54,0.87,14.77,-0.004490398688581
2018-05-10,-0.013047,-90.14000000000004,0.5,1.28,0.65,13.23,0.0084444467996768
2018-05-11,-0.011329,-40.73999999999995,0.31,0.5,0.4,12.65,0.018567016770553
2018-05-16,-0.0031739999999999,-427.9000000000001,0.15,0.16,0.14,13.42,-0.0036438275698992
2018-05-17,-0.0015999999999999,-55.47,0.7,0.15,0.12,13.43,0.0073638663584939
2018-05-18,-2.6999999999999247e-05,126.06,-0.12,0.7,-0.22,13.42,0.0034544798715248
2018-05-23,0.005733,-64.22000000000003,-1.13,0.23,-0.28,12.58,-0.0006639441232568
2018-05-24,0.0066089999999999,124.3,-0.92,-1.13,-0.24,12.53,0.0012267534487776
2018-05-25,0.007486,105.22000000000004,0.18,-0.92,-0.33,13.22,-0.0021854155843605
2018-05-31,0.014434,-169.42000000000002,-0.15,0.75,-0.36,15.43,0.0077326991358026
2018-06-01,0.0157409999999999,-116.45,0.31,-0.15,0.78,13.46,0.0123636935201536
2018-06-06,0.0116948,123.70999999999998,0.33,-0.7,0.82,11.64,0.0042235849765455
2018-06-07,0.0108691999999999,-122.38999999999992,-0.1,0.33,0.04,12.13,0.0013881191077956
2018-06-08,0.0100477999999999,-29.140000000000043,-0.3,-0.1,0.01,12.18,-0.004326300120598
2018-06-13,0.0056059299999999,59.24000000000001,-0.0,-0.43,-0.24,12.94,0.0011487722359176
2018-06-14,0.00467396,-52.77000000000004,0.81,-0.0,0.09,12.12,0.0089693843306242
2018-06-15,0.00374378,111.05,-1.7,0.81,-0.37,11.98,0.0064904663573891
2018-06-20,0.0001741399999999,-61.079999999999984,0.31,-0.36,0.3,12.79,0.0076984025634871
2018-06-21,-0.00039652,123.35000000000002,-0.93,0.31,-0.56,14.64,0.0103988447639607
2018-06-22,-0.0009673299999999,-19.5,1.67,-0.93,0.43,13.77,0.0070159661439139
2018-06-27,-0.00355356,21.30000000000001,1.11,0.37,-0.58,17.91,0.0024133206055392
2018-06-28,-0.00403714,-95.39999999999998,-0.08,1.11,0.16,16.85,0.0048605744091825
2018-06-29,-0.0045223,245.6,0.28,-0.08,0.47,16.09,-0.0734080715164298
2018-07-04,-0.0038851,15.029999999999973,-0.27,0.6,0.01,16.14,0.0045299958883849
2018-07-05,-0.0033508,-14.639999999999986,0.4,-0.27,0.67,14.97,0.0049160614371787
2018-07-06,-0.0028176999999999,-49.09000000000003,0.19,0.4,0.84,13.37,0.0089357250467167
2018-07-11,-7.630000000000137e-05,34.650000000000006,-1.3,0.05,-0.87,13.63,0.0049657600688962
2018-07-12,0.0004827999999999,85.67999999999998,0.78,-1.3,0.64,12.58,-0.0108918466591262
2018-07-13,0.001042,1.650000000000034,0.14,0.78,0.18,12.18,-0.0027854732411216
2018-07-18,0.0059679,-210.31,0.65,0.34,0.19,12.1,0.0018422475198912
2018-07-19,0.0072403999999999,50.46000000000001,0.1,0.65,-0.35,12.87,0.0109962918671708
2018-07-20,0.0085158,-84.33000000000001,-0.07,0.1,0.2,12.86,-0.0046976150235868
2018-07-25,0.0139198999999999,51.56999999999999,-0.66,0.7,0.5,12.29,0.0045320603985039
2018-07-26,0.0148779,-432.73,0.06,-0.66,0.01,12.14,0.0003061468464808
2018-07-27,0.0158415999999999,256.82000000000005,0.5,0.06,-0.27,13.03,0.0100117869982201
2018-08-01,0.021597,13.75,-1.24,0.62,-0.17,13.15,0.0017545310479634
2018-08-02,0.020193,143.65000000000003,-1.01,-1.24,-0.08,12.19,0.0149336154141977
2018-08-03,0.0187939999999999,-3.200000000000045,1.1,-1.01,0.36,11.64,-0.0342048557987864
2018-08-08,0.0110119999999999,-127.26,0.75,0.71,-0.03,10.85,0.0008924334558479
2018-08-09,0.009352,6.060000000000002,-0.45,0.75,-0.11,11.27,0.0018155554827418
2018-08-10,0.007695,-2.579999999999984,-0.97,-0.45,-1.1,13.16,0.0114142997318854
2018-08-15,0.0001129999999999,-27.359999999999985,-1.49,-0.4,-1.01,14.64,-0.0002574914055674
2018-08-16,-0.0013119999999999,117.71,0.78,-1.49,0.73,13.45,0.0061812863534698
2018-08-17,-0.0027369999999999,15.449999999999989,0.03,0.78,0.33,12.64,0.0060168413984498
2018-08-22,-0.0094969999999999,94.96,0.11,-0.34,0.2,12.25,-0.0007423781974524
2018-08-23,-0.010806,96.89999999999998,-0.15,0.11,-0.31,12.41,0.0081979668023269
2018-08-24,-0.0121179999999999,-38.67999999999995,0.19,-0.15,0.58,11.99,0.0033683398571978
2018-08-30,-0.022652,-48.870000000000005,-0.62,-0.71,-0.42,13.53,0.0265973667378126
2018-08-31,-0.024646,-147.85000000000002,-1.11,-0.62,-0.28,12.86,-0.0089473719834315
2018-09-05,-0.024036,-85.24,-1.0,-0.62,-0.47,13.91,-0.0005076776461432
2018-09-06,-0.023269,3.850000000000009,-0.87,-1.0,-0.41,14.65,0.0011621294007769
2018-09-07,-0.0225109999999999,5.450000000000003,-0.56,-0.87,-0.3,14.88,0.0079744256418644
2018-09-12,-0.019021,-43.11,0.55,-0.08,0.23,13.14,0.0015462506723805
2018-09-13,-0.0183689999999999,39.89999999999999,-0.43,0.55,0.46,12.37,0.0018885130813726
2018-09-14,-0.0177249999999999,-21.319999999999997,0.31,-0.43,0.18,12.07,0.0018360431978627
2018-09-19,-0.015035,-45.45,0.42,-0.03,0.25,11.75,0.0006831962256873
2018-09-20,-0.0145739999999999,-16.540000000000006,0.49,0.42,0.82,11.8,0.0212236212980417
2018-09-21,-0.0141189999999999,58.6,1.67,0.49,0.2,11.68,-0.0150429524956919
2018-09-26,-0.0111459999999999,-51.64999999999999,0.05,0.66,-0.22,12.89,-0.0003392680669431
2018-09-27,-0.010462,9.549999999999995,0.45,0.05,-0.03,12.41,0.0083224295062945
2018-09-28,-0.0097839999999999,19.36999999999999,-0.47,0.45,-0.21,12.12,0.0054755295115303
2018-10-03,-0.0069819999999999,-11.77000000000001,0.48,-0.28,0.0,11.61,0.0026107232749985
2018-10-04,-0.0065049999999999,10.909999999999997,-1.22,0.48,-0.83,14.22,0.0042705085160838
2018-10-05,-0.006028,-60.17999999999999,-1.35,-1.22,-0.65,14.82,0.0093352991553253
2018-10-10,-0.004228,22.599999999999994,-1.27,0.06,-2.31,22.96,-0.0010532670459343
2018-10-11,-0.003946,-6.909999999999997,-1.94,-1.27,-2.11,24.98,0.0047091411204644
2018-10-12,-0.003665,34.5,-0.16,-1.94,0.9,21.31,0.0039699497086062
2018-10-17,-0.0006869999999999,-37.02,-0.07,0.43,-0.08,17.4,0.0022788907841049
2018-10-18,0.00012,73.84000000000002,-0.39,-0.07,-1.2,20.06,0.006438957487567
2018-10-19,0.000927,-67.54000000000002,0.32,-0.39,-0.1,19.89,0.0061967353879253
2018-10-24,0.0036629999999999,70.29,0.11,-1.24,-2.23,25.23,0.0004094473236631
2018-10-25,0.004041,47.91,0.59,0.11,0.89,24.22,0.0013324160646315
2018-10-26,0.0044179999999999,-65.21000000000001,-0.92,0.59,-1.22,24.16,0.0030174167869844
2018-10-31,0.0067509999999999,39.03999999999999,1.31,0.14,1.24,21.23,0.0182604259867922
2018-11-01,0.00728,10.900000000000006,-0.19,1.31,0.94,19.34,-0.0096781628721224
2018-11-02,0.007213,-20.03,-0.29,-0.19,-0.21,19.51,-0.0141691058011308
2018-11-07,0.0070819999999999,-114.58,1.09,-0.89,1.65,16.36,0.000443560984516
2018-11-08,0.0070839999999999,52.69000000000001,0.33,1.09,-0.09,16.72,-0.0013747376477
2018-11-09,0.00709,-69.93,-0.49,0.33,-0.93,17.36,-0.0036951934615624
2018-11-14,0.0073209999999999,-12.590000000000003,-0.28,0.01,-0.56,21.25,0.0035790539575903
2018-11-15,0.007398,-24.180000000000007,0.06,-0.28,0.55,19.98,-0.0143739237044502
2018-11-16,0.007477,1.1099999999999994,-0.34,0.06,0.27,18.14,0.0037251797538322
2018-11-21,0.009026,57.17000000000001,1.47,-0.76,0.4,20.8,-0.0024970743841936
2018-11-22,0.0094929999999999,-58.03000000000001,-1.28,1.47,-0.04,20.8,0.0017341662476667
2018-11-23,0.009963,13.630000000000004,-0.11,-1.28,-0.45,21.52,0.0092321927151695
2018-11-28,0.010161,-29.24000000000001,-0.18,-0.27,1.49,18.49,0.005360568525221
2018-11-29,0.0099169999999999,160.48999999999998,0.49,-0.18,0.25,18.79,0.0048191425209677
2018-11-30,0.009676,-100.42,-0.83,0.49,0.32,18.07,-0.0231044264301175
2018-12-05,0.0034069999999999,-30.05000000000001,-1.44,-0.56,-0.41,20.74,0.0042585248208437
2018-12-06,0.0016909999999999,10.899999999999991,-3.15,-1.44,-0.89,21.19,0.0011948591860432
2018-12-07,-2.4999999999997247e-05,20.739999999999995,1.1,-3.15,-1.29,23.23,0.0151325068947072
2018-12-12,-0.0042679999999999,-32.25999999999999,1.08,1.27,1.09,21.46,0.0050828614589452
2018-12-13,-0.0045429999999999,84.75999999999999,-0.04,1.08,-0.07,20.65,0.0090270157136361
2018-12-14,-0.004818,-2.2299999999999898,-0.47,-0.04,-1.61,21.63,0.0090792686851832
2018-12-19,-0.005939,17.74000000000001,0.96,-1.06,-0.81,25.58,0.00236475953337
2018-12-20,-0.0061319999999999,-41.09000000000002,-0.8,0.96,-1.58,28.38,0.0088996955878881
2018-12-21,-0.0063259999999999,46.49,0.14,-0.8,-1.5,30.11,-7.290188713782175e-05
2019-01-04,-0.0117669999999999,-57.83000000000001,2.16,-0.62,2.75,21.38,-0.0033475611523051
2019-01-09,-0.0123409999999999,-169.17999999999998,0.66,0.74,0.79,19.98,0.0008552779104453
2019-01-10,-0.0123739999999999,61.25999999999999,0.52,0.66,0.34,19.5,0.00408122991473
2019-01-11,-0.01241,18.830000000000013,-0.36,0.52,-0.03,18.19,-0.0049156445000112
2019-01-16,-0.012315,-49.75,-0.47,0.58,0.15,19.04,-0.0005912460131398
2019-01-17,-0.0122649999999999,6.320000000000022,-0.4,-0.47,0.46,18.06,0.0048177897156858
2019-01-18,-0.012218,10.45999999999998,1.95,-0.4,1.27,17.8,-0.0047696143166209
2019-01-23,-0.0088719999999999,-52.08,-0.85,-0.99,0.07,19.52,-0.0009804599410146
2019-01-24,-0.0077910000000001,71.04,-0.35,-0.85,0.16,18.89,0.0023440881105863
2019-01-25,-0.0067119999999999,-38.32000000000002,-0.14,-0.35,0.94,17.42,0.0082392963805157
2019-01-30,-0.0042489999999999,64.74,1.58,1.29,1.07,17.66,0.000337098392084
2019-01-31,-0.004148,37.05000000000001,0.39,1.58,0.87,16.57,0.0001038588794132
2019-02-01,-0.0040489999999999,-54.71000000000001,0.74,0.39,0.05,16.14,-0.0074226922756063
2019-02-06,-0.0003039999999999,155.14,-0.06,2.04,-0.21,15.38,-3.0476106898547076e-05
2019-02-07,0.0003699999999999,-140.14,-1.11,-0.06,-0.99,16.37,0.0043557887148323
2019-02-08,0.001044,-40.56,-0.32,-1.11,-0.32,15.72,-0.0110097160771815
2019-02-13,0.003202,116.07999999999998,0.81,0.06,0.37,15.65,0.0018241015840188
2019-02-14,0.003473,-103.73,0.09,0.81,-0.25,16.22,0.0204875103577965
2019-02-15,0.0037459999999999,69.83,0.55,0.09,0.93,14.91,-0.0078688195884305
2019-02-20,0.008454,-57.900000000000006,0.69,-0.56,0.37,14.02,0.0005176290830581
2019-02-21,0.0098469999999999,50.75,-0.85,0.69,-0.3,14.46,0.0024904937759531
2019-02-22,0.0112419999999999,-4.730000000000018,0.16,-0.85,0.46,13.51,0.0003541174296224
2019-02-27,0.016348,23.860000000000014,-0.61,-0.45,0.02,14.7,0.0007484063570856
2019-02-28,0.017127,-22.89000000000001,-0.46,-0.61,-0.3,14.78,-0.0075068417722188
2019-03-01,0.0179129999999999,-2.789999999999992,0.45,-0.46,0.5,13.57,0.0117699614763845
2019-03-06,0.0120129999999999,-141.57999999999998,0.17,0.69,-0.42,15.74,0.00191612500039
2019-03-07,0.0109759999999999,54.31,-0.53,0.17,-0.83,16.59,0.0021756934160707
2019-03-08,0.009944,-27.859999999999985,-0.74,-0.53,-0.5,16.05,0.0125414346695855
2019-03-13,0.003782,39.19,0.11,0.29,0.59,13.41,0.0006079230498504
2019-03-14,0.002415,-63.99,0.37,0.11,0.03,13.5,0.0013768643046194
2019-03-15,0.0010499999999999,61.010000000000005,0.6,0.37,0.59,12.88,0.0026451601234065
2019-03-20,-0.005266,-23.830000000000013,-0.45,0.34,-0.44,13.91,0.0005063824862382
2019-03-21,-0.0064659999999999,8.960000000000008,0.88,-0.45,0.75,13.63,0.0112044095110049
2019-03-22,-0.0076669999999999,-22.50999999999999,-2.01,0.88,-1.56,16.48,0.0067620862506261
2019-03-27,-0.0144329999999999,50.8,-0.03,0.26,-0.41,15.15,0.0003660320103092
2019-03-28,-0.015894,-76.71,0.56,-0.03,0.06,14.43,0.0008377364487339
2019-03-29,-0.0173629999999999,78.24,0.62,0.56,0.6,13.71,-0.0121814853868694
2019-04-03,-0.0200859999999999,16.579999999999984,0.37,1.01,0.53,13.74,0.00153668932212
2019-04-04,-0.019226,-61.81999999999999,-0.22,0.37,-0.01,13.58,0.0015099441691787
2019-04-05,-0.0183719999999999,-31.03,0.61,-0.22,0.33,12.82,-0.0029620246732829
2019-04-10,-0.0131959999999999,32.07000000000001,-0.05,-0.35,0.22,13.3,0.0032074584758081
2019-04-11,-0.012043,-35.69,-0.05,-0.05,-0.02,13.02,0.0082321075741838
2019-04-12,-0.0108939999999999,-0.0500000000000113,0.26,-0.05,0.55,12.01,-0.0067629724417165
2019-04-17,-0.0019949999999999,17.710000000000008,0.02,0.44,-0.1,12.6,0.0038153374617722
2019-04-18,0.000206,4.319999999999993,-0.15,0.02,-0.03,12.09,0.01122442909753
2019-04-25,0.0116819999999999,24.180000000000007,-0.5,-0.68,-0.16,13.25,0.0028330235325662
2019-04-26,0.012908,34.81999999999999,-0.08,-0.5,0.39,12.73,-0.0020605930430818
2019-05-01,0.0190339999999999,30.11,-0.44,-0.3,-0.4,14.8,0.0011047434371375
2019-05-02,0.018778,-109.71,-0.46,-0.44,-0.41,14.42,0.0055756813509306
2019-05-03,0.0185289999999999,73.59,0.4,-0.46,0.77,12.87,0.005691214733844
2019-05-09,0.0147329999999999,-65.5,-0.87,0.15,-0.59,19.1,0.0016696592357774
2019-05-10,0.013917,14.409999999999997,-0.06,-0.87,0.33,16.04,0.0229561658147906
2019-05-15,0.012054,-18.670000000000016,0.76,1.09,0.55,16.44,4.519218214016352e-05
2019-05-16,0.0119799999999999,-4.819999999999993,0.78,0.76,0.74,15.29,-0.0066287153357594
2019-05-17,0.0119099999999999,-46.10999999999999,-0.07,0.78,-0.45,15.96,-0.0282421841377273
2019-05-22,0.0122099999999999,37.7,0.07,0.25,-0.28,14.75,0.0029213477610561
2019-05-23,0.0123599999999999,-63.21000000000001,-1.41,0.07,-1.15,16.92,0.0063620711365153
2019-05-24,0.012516,85.16,0.65,-1.41,0.36,15.85,0.0035071615586055
2019-05-30,0.012549,-53.57000000000001,0.46,-1.15,0.08,17.3,0.0057644085869513
2019-05-31,0.01249,62.95,-0.78,0.46,-0.98,18.71,0.001702400156716
2019-06-05,0.0084584999999999,186.49,0.08,0.41,0.87,16.09,-0.0003866159565041
2019-06-06,0.0074986,-88.55999999999997,0.55,0.08,0.4,15.93,0.0040357053092671
2019-06-07,0.0065418,55.28,0.99,0.55,1.08,16.3,0.0252465810291996
2019-06-12,0.0001953999999999,26.15000000000001,-0.42,0.31,-0.25,15.91,-0.002602878426638
2019-06-13,-0.0012835,-28.430000000000007,0.01,-0.42,0.12,15.82,0.0047243589863499
2019-06-14,-0.0027630999999999,18.289999999999992,-0.31,0.01,-0.28,15.28,0.0093104199120197
2019-06-19,-0.006736,-55.620000000000005,-0.53,1.17,0.5,14.33,-0.000881329912737
2019-06-20,-0.0070777999999999,-26.710000000000008,0.28,-0.53,1.01,14.75,-8.136774352529574e-05
2019-06-21,-0.0074228,47.21000000000001,-0.23,0.28,-0.24,15.4,0.0127610519998886
2019-06-26,-0.0125129999999999,51.55000000000001,-0.08,0.08,-0.25,16.21,0.0040896161938168
2019-06-27,-0.013987,-54.32000000000002,-0.19,-0.08,0.37,15.82,0.0079424014875817
2019-06-28,-0.0154659999999999,71.94000000000003,0.31,-0.19,0.55,15.08,0.0096947000409739
2019-07-03,-0.0171479999999999,12.170000000000002,0.66,0.82,0.67,12.57,0.0016600171895816
2019-07-04,-0.0156839999999999,12.129999999999995,-0.08,0.66,0.08,12.57,0.0041574516801757
2019-07-05,-0.0142249999999999,-40.35,-0.66,-0.08,-0.43,13.28,-0.0053993221274591
2019-07-10,-0.00613,-8.769999999999996,-0.08,-0.17,0.34,13.03,-0.0037504427722039
2019-07-11,-0.0044049999999999,99.79,-0.28,-0.08,0.19,12.93,0.0036358945758101
2019-07-12,-0.0026789999999999,-2.819999999999993,-0.05,-0.28,0.33,12.39,0.0323069296204353
2019-07-17,0.005255,-28.119999999999976,-0.55,0.6,-0.46,13.97,-0.0056387870883189
2019-07-18,0.0067539999999999,-28.10000000000001,-0.56,-0.55,0.02,13.53,-0.0003607968681702
2019-07-19,0.008257,1.1299999999999957,0.21,-0.56,-0.17,14.45,0.001115334322934
2019-07-24,0.017571,-48.69999999999999,-0.73,0.56,0.37,12.07,-0.0030954343750136
2019-07-25,0.0196839999999999,28.099999999999994,-0.17,-0.73,-0.49,12.74,0.0083609689482835
2019-07-26,0.021803,39.650000000000006,0.8,-0.17,0.4,12.16,-0.0110012725425399
2019-07-31,0.0323539999999999,-81.39,-0.78,-0.52,-0.72,16.12,-0.0008855503298853
2019-08-01,0.034473,73.67,-0.03,-0.78,-0.66,17.87,0.0016794975100811
2019-08-02,0.0325035,-16.72,-2.34,-0.03,-1.07,17.61,0.0039344258822386
2019-08-07,0.0231719999999999,3.4099999999999966,0.38,-0.72,0.23,19.49,0.0016932936451758
2019-08-08,0.0213809999999999,-42.82000000000001,1.21,0.38,1.55,16.91,0.0052040314537498
2019-08-09,0.019598,25.64999999999999,-0.44,1.21,-0.54,17.97,-0.0108265334564984
2019-08-14,0.0096269999999999,109.11,-1.42,0.33,-2.26,22.1,-0.0031789265433875
2019-08-15,0.007493,87.80000000000001,-1.13,-1.42,-0.16,21.18,0.0062319594188762
2019-08-16,0.005362,-4.660000000000025,0.71,-1.13,1.23,18.47,0.0023994404631028
2019-08-21,-0.003815,95.36,1.11,-0.9,0.75,15.8,0.0015976870279493
2019-08-22,-0.0054569999999999,-56.30000000000001,-1.05,1.11,-0.18,16.68,0.0009288242761115
2019-08-23,-0.007101,105.64,-0.47,-1.05,-1.74,19.87,-0.0017364835113099
2019-08-29,-0.017769,-54.63,0.98,0.35,1.0,17.88,-0.0009367447207994
2019-08-30,-0.019627,103.51,0.32,0.98,0.26,18.98,-0.0098597304825176
2019-09-04,-0.0245739,-44.96000000000001,0.59,-0.19,1.08,17.33,0.0058324506746267
2019-09-05,-0.024995,27.19,-0.55,0.59,1.14,16.27,5.203723085511758e-05
2019-09-06,-0.025426,59.06,0.15,-0.55,0.21,15.0,-0.0138657846341412
2019-09-11,-0.027015,14.049999999999995,0.96,0.44,0.69,14.61,0.0019945448903661
2019-09-12,-0.0272699999999999,53.43000000000001,0.09,0.96,0.34,14.22,0.0002632746941111
2019-09-13,-0.027533,23.139999999999983,0.31,0.09,0.18,13.74,-0.0031507417814482
2019-09-18,-0.028015,-11.310000000000002,-0.09,-0.01,-0.03,13.95,0.0018664852008147
2019-09-19,-0.028009,88.58000000000001,0.58,-0.09,0.17,14.05,0.0057229090929036
2019-09-20,-0.0280159999999999,53.03999999999999,-0.16,0.58,-0.32,15.32,0.0038498703258593
2019-09-25,-0.028525,99.04,-0.02,-0.47,0.11,15.96,0.0039452458658251
2019-09-26,-0.0287009999999999,-141.87,0.84,-0.02,-0.05,16.07,-0.0015986117639975
2019-09-27,-0.028888,57.110000000000014,1.02,0.84,-0.36,17.22,0.0089297988999893
2019-10-02,-0.0284989999999999,84.72999999999999,-3.23,-0.65,-1.71,20.56,0.0013005451518306
2019-10-03,-0.0263229999999999,-50.34999999999998,-0.63,-3.23,0.47,19.12,-0.0011413742756823
2019-10-04,-0.024158,163.40999999999997,1.1,-0.63,1.05,17.04,-0.0152586991623983
2019-10-09,-0.011912,-202.27,0.33,-0.76,0.63,18.64,0.0007509603890423
2019-10-10,-0.0092729999999999,177.38,0.28,0.33,0.59,17.57,-0.0003165764547465
2019-10-11,-0.0066399999999999,-74.30000000000001,0.84,0.28,1.36,15.58,0.0059767703538597
2019-10-16,0.0050499999999999,38.22999999999999,-0.61,-0.03,-0.06,13.68,0.0003484820033724
2019-10-17,0.007195,-10.799999999999985,0.2,-0.61,0.3,13.79,0.0004573266393986
2019-10-18,0.0093429999999999,-51.11,-0.44,0.2,-0.3,14.25,0.0056956715676964
2019-10-23,0.0215159999999999,36.66,0.67,0.68,0.18,14.01,-0.004572734092166
2019-10-24,0.024153,-10.659999999999997,0.93,0.67,0.33,13.71,-0.002391291989377
2019-10-25,0.0267989999999999,6.790000000000006,-0.05,0.93,0.32,12.65,-0.015175062278498
2019-10-30,0.039493,40.51000000000002,0.34,-0.34,0.22,12.33,-0.0041383625158258
2019-10-31,0.0419799999999999,-11.78,-1.12,0.34,-0.17,13.22,0.0260467328877386
2019-11-01,0.044482,-134.3,0.75,-1.12,0.83,12.3,0.0019045437751187
2019-11-06,0.033023,-122.62,0.12,0.25,0.09,12.62,-0.0004729194750753
2019-11-07,0.0310339999999999,28.86999999999999,0.13,0.12,0.24,12.73,0.0051188201646925
2019-11-08,0.029058,61.280000000000015,-0.63,0.13,0.09,12.07,0.0031427746284014
2019-11-13,0.017958,-67.58999999999999,-0.19,0.5,-0.07,13.0,-0.000171233082765
2019-11-14,0.0155789999999999,-6.27000000000001,-0.8,-0.19,-0.13,13.05,-0.0061277052105773
2019-11-15,0.013206,-10.989999999999997,0.14,-0.8,0.77,12.05,-0.0037787271812783
2019-11-20,8.379999999999499e-05,20.57,-0.84,0.22,-0.43,12.78,-0.0066027911117856
2019-11-21,-0.0027118,22.819999999999997,-0.33,-0.84,-0.2,13.13,0.0022320499333807
2019-11-22,-0.0055087999999999,-1.1299999999999957,1.22,-0.33,0.16,12.34,-0.0083231894800094
2019-11-27,-0.017179,30.980000000000004,0.36,0.09,0.34,11.75,-0.0067461580556429
2019-11-28,-0.019216,73.89000000000001,-0.18,0.36,-0.04,11.75,0.0085714633873415
2019-11-29,-0.021258,-69.87000000000002,-0.94,-0.18,-0.41,12.62,0.0080849450262262
2019-12-04,-0.0191899999999999,-17.640000000000015,0.42,-1.75,0.55,14.8,0.0020251052567774
2019-12-05,-0.017147,12.03,-0.7,0.42,0.14,14.52,0.0065528120654042
2019-12-06,-0.0151089999999999,87.38,1.43,-0.7,0.78,13.62,0.0011969513267355
2019-12-11,-0.008597,-48.26000000000002,0.03,-0.28,0.23,14.99,0.0021803201127016
2019-12-12,-0.0077869999999999,35.84,0.79,0.03,0.62,13.94,0.0011799378720667
2019-12-13,-0.006979,80.87,1.1,0.79,0.45,12.63,-0.0197777272819762
2019-12-18,-0.002352,-47.750000000000014,0.21,0.08,-0.14,12.58,0.005519390002165
2019-12-19,-0.001348,-12.840000000000003,0.44,0.21,0.32,12.5,0.0065213363150512
2019-12-20,-0.000346,100.18,0.11,0.44,0.39,12.51,0.0107535213083492
2020-01-08,0.0122559999999999,65.17999999999999,0.01,-0.02,0.19,13.45,0.0039191687202527
2020-01-09,0.011934,-49.88,0.31,0.01,0.55,12.54,-0.0038504027186245
2020-01-10,0.0116149999999999,10.710000000000008,-0.14,0.31,-0.09,12.56,0.0078043692481803
2020-01-15,0.013964,34.39999999999998,0.27,0.06,0.15,12.42,0.0027950606257343
2020-01-16,0.014965,-81.82,-0.43,0.27,0.59,12.32,0.0023906179899282
2020-01-17,0.0159719999999999,19.41000000000001,0.85,-0.43,0.39,12.1,-0.0105368056910493
2020-01-22,0.0175662,-30.77000000000001,-0.51,-0.53,0.04,12.91,0.0014275361849602
2020-01-23,0.0174338999999999,1.4500000000000028,-0.85,-0.51,-0.17,12.98,-0.0035254141364211
2020-01-24,0.0173083,-31.840000000000003,1.04,-0.85,-0.45,14.56,0.0120095492957394
2020-01-29,0.0181211,-97.52,0.04,0.93,0.04,16.39,0.0035606836813936
2020-01-30,0.0184827999999999,66.32,-1.36,0.04,-0.06,15.49,-0.0017330533643431
2020-01-31,0.0188518,85.09,-1.3,-1.36,-1.25,18.84,0.0165804158866856
2020-02-05,-0.017971,-25.679999999999996,0.57,1.55,0.91,15.15,-0.0001573746463816
2020-02-06,-0.0272797,28.39,0.3,0.57,0.48,14.96,-0.0008434951856531
2020-02-07,-0.0365983999999999,57.110000000000014,-0.51,0.3,-0.49,15.47,0.0112338732459572
2020-02-12,-0.082545,-127.70000000000002,0.47,0.71,0.57,13.74,0.0010375095200336
2020-02-13,-0.091692,-3.259999999999991,-1.09,0.47,-0.21,14.15,0.002898987674187
2020-02-14,-0.100874,-66.99000000000001,-0.58,-1.09,0.06,13.68,-0.0177398909843676
2020-02-19,-0.147037,-8.650000000000006,1.02,-0.69,0.4,14.38,-0.0144231455763297
2020-02-20,-0.1563799999999999,43.85,-0.27,1.02,-0.45,15.56,0.001488632008827
2020-02-21,-0.1657699999999999,15.450000000000015,-0.44,-0.27,-0.72,17.08,0.0019054137708844
2020-02-26,-0.2160799999999998,-42.88,0.35,-1.94,-0.48,27.56,0.0013701775644436
2020-02-27,-0.22669,31.569999999999997,-3.49,0.35,-3.6,39.16,0.0021539058439478
2020-02-28,-0.2373699999999998,60.63,-3.18,-3.49,-1.66,40.11,0.0008342538572952
2020-03-04,-0.44876,40.73999999999998,1.45,0.95,2.92,31.99,0.0037226344957624
2020-03-05,-0.5123099999999994,-76.40999999999997,-1.62,1.45,-2.26,39.62,0.0018782127824549
2020-03-06,-0.5760700000000005,45.56999999999999,-3.62,-1.62,-1.96,41.94,0.0141422040677118
2020-03-11,-0.8909800000000008,-99.14,-1.4,-0.09,-3.89,53.9,0.0019185516125983
2020-03-12,-0.9538399999999996,23.399999999999977,-10.87,-1.4,-9.91,75.47,0.002632575055861
2020-03-13,-1.017199999999999,164.31,2.46,-10.87,5.92,57.83,0.0032161642905663
2020-03-18,-0.9954999999999998,91.31000000000006,-4.05,2.79,-5.11,76.45,0.0005255786144999
2020-03-19,-0.9464000000000006,90.97000000000004,1.4,-4.05,0.73,72.0,0.0069958095432625
2020-03-20,-0.8978000000000002,150.33999999999992,0.76,1.4,-2.57,66.04,-0.0308932948553782
2020-03-25,-0.5998000000000019,-343.0099999999999,4.45,9.05,2.49,63.95,0.0054861547740364
2020-03-26,-0.5331999999999972,253.61,2.24,4.45,5.02,61.0,0.002115629665625
2020-03-27,-0.4664999999999999,-23.1400000000001,-5.25,2.24,-2.58,65.54,0.0101127269005562
2020-04-01,-0.5082999999999984,222.47000000000003,-3.83,1.95,-3.86,57.06,-0.0018060879611142
2020-04-02,-0.4056999999999995,117.15999999999995,0.47,-3.83,1.22,50.91,0.0023072794022769
2020-04-03,-0.3033000000000001,-57.01999999999998,-1.18,0.47,-1.45,46.8,0.0069263120138818
2020-04-08,0.0123999999999995,138.95999999999992,-0.47,2.19,2.38,43.35,-0.0003334567826173
2020-04-09,0.0494000000000021,-127.89999999999998,2.9,-0.47,1.58,41.67,0.0008138770308435
2020-04-16,0.4119000000000028,57.56000000000006,0.55,-3.34,0.21,40.11,-0.0068925465725516
2020-04-17,0.4750999999999976,-218.01,2.82,0.55,2.71,38.15,0.0033684566054332
2020-04-22,0.7815999999999974,-152.31999999999994,2.3,-2.96,1.86,41.98,0.0010503762914551
2020-04-23,0.8421000000000021,70.38,0.97,2.3,0.31,41.38,-0.0019948335115198
2020-04-24,0.9028999999999988,148.11,-1.28,0.97,0.67,35.93,-0.0006933842236003
2020-04-29,1.2264,-41.23000000000002,2.63,1.91,2.34,31.23,0.0039986528561176
2020-04-30,1.2942999999999998,-107.14,-3.5,2.63,-0.86,34.15,-0.0018570083732019
2020-05-01,1.3627000000000002,170.26,-2.34,-3.5,-2.34,37.19,0.0052749349326752
2020-05-06,1.0844999999999994,128.11,0.07,1.66,-0.52,34.12,0.0098450321625555
2020-05-07,1.0336800000000004,-26.980000000000015,1.4,0.07,0.92,31.44,0.0026955635147285
2020-05-13,0.7775329999999999,31.970000000000027,-1.51,0.93,-1.75,35.28,0.0011977958083903
2020-05-14,0.7428300000000001,-119.53999999999996,-2.75,-1.51,0.07,32.61,0.0024160731960302
2020-05-15,0.70842,-264.05000000000007,1.01,-2.75,0.43,31.89,-0.0005626640130473
2020-05-20,0.52827,-7.8799999999999955,1.08,-0.77,1.49,27.99,0.0154845675228517
2020-05-21,0.49132,-73.55999999999995,-0.86,1.08,-0.86,29.53,-0.0114166929650053
2020-05-22,0.4545599999999998,42.25999999999999,-0.37,-0.86,-0.11,28.16,-0.0508749841026073
2020-05-28,0.2323900000000005,77.99000000000001,1.21,1.26,0.53,28.59,0.0043114247630651
2020-05-29,0.1953700000000005,-5.850000000000023,-2.29,1.21,-0.02,27.51,-0.0014883392120305
2020-06-03,0.0753200000000013,285.94000000000005,2.61,0.87,1.62,25.66,-0.0107622489345651
2020-06-04,0.0659200000000002,-151.67000000000007,-0.64,2.61,-0.18,25.81,0.0004089865245454
2020-06-05,0.0565499999999996,-35.589999999999975,2.25,-0.64,2.18,24.52,0.0115143114236945
2020-06-10,0.0046600000000012,-96.14000000000004,-0.1,-2.11,-0.35,27.57,-0.0041856049062176
2020-06-11,-0.0063900000000014,135.10999999999996,-3.99,-0.1,-4.98,40.79,0.0007208283517117
2020-06-12,-0.0174599999999998,9.870000000000005,0.47,-3.99,0.47,36.09,0.0036659561717705
2020-06-17,-0.0604600000000008,128.18,0.17,2.94,-0.05,33.47,-0.0087305408208452
2020-06-18,-0.0674499999999991,47.26999999999998,-0.47,0.17,-0.1,32.94,0.0024338824993643
2020-06-19,-0.0744800000000012,12.600000000000025,1.1,-0.47,-0.3,35.12,0.0094586809764781
2020-06-24,-0.1123400000000014,-10.980000000000018,-3.11,1.21,-2.5,33.84,0.0128966806858945
2020-06-25,-0.1203399999999987,-31.54000000000008,0.38,-3.11,0.61,32.22,0.0037620721800453
2020-06-26,-0.1283799999999999,34.80000000000007,0.2,0.38,-1.65,34.73,-0.0076769144980931
2020-07-01,-0.1714000000000002,228.32000000000005,-0.19,-0.9,0.43,28.62,0.0032001295671045
2020-07-02,-0.1658599999999994,-80.6400000000001,1.34,-0.19,0.74,27.68,0.001062883828741
2020-07-03,-0.1603900000000004,-105.51999999999998,-1.33,1.34,-0.06,27.68,-0.001851582290673
2020-07-08,-0.1225399999999998,172.18000000000006,-0.55,-1.53,0.42,28.08,0.0006439371865355
2020-07-09,-0.11362,-147.20000000000005,-1.73,-0.55,-0.53,29.26,0.003044588149258
2020-07-10,-0.1047200000000003,10.490000000000007,0.76,-1.73,0.84,27.29,-0.0299407171653072
2020-07-15,-0.0783499999999994,164.66999999999996,1.83,0.06,1.24,27.76,0.0011320878589794
2020-07-16,-0.0755000000000007,7.420000000000073,-0.67,1.83,-0.43,28.0,0.0049453778817898
2020-07-17,-0.0726899999999997,112.90999999999995,0.63,-0.67,0.22,25.68,0.0099591111423641
2020-07-22,-0.0672199999999998,-55.65999999999997,-1.0,0.13,0.27,24.32,0.0026776964284596
2020-07-23,-0.0673099999999999,-45.31000000000006,0.07,-1.0,-0.84,26.08,-0.0029338341968788
2020-07-24,-0.0674099999999997,-109.3,-1.41,0.07,-0.72,25.84,-0.0272424996254146
2020-07-29,-0.0801299999999995,-141.38,0.04,0.4,0.86,24.1,0.0068251391603345
2020-07-30,-0.0843300000000004,-69.22000000000003,-2.31,0.04,-0.68,24.76,0.0052428785433378
2020-07-31,-0.0885699999999998,-30.83999999999992,-1.54,-2.31,0.04,24.46,0.0058488713973767
2020-08-05,-0.1069500000000003,-84.91000000000003,1.14,0.05,0.82,22.99,0.0042250909626648
2020-08-06,-0.11003,123.57999999999998,-1.27,1.14,0.17,22.65,0.0046771147381451
2020-08-07,-0.11315,-56.79999999999996,0.09,-1.27,-0.17,22.21,0.0095572528526142
2020-08-12,-0.1029999999999997,-4.6200000000000045,2.04,1.71,1.37,22.28,0.0022421369026486
2020-08-13,-0.0975700000000001,71.75,-1.5,2.04,-0.07,22.13,-0.0056655324710446
2020-08-14,-0.0921699999999998,-107.37,-1.55,-1.5,-0.25,22.05,-0.0005857218643804
2020-08-19,-0.0784000000000002,-118.0,0.58,-0.83,-0.2,22.54,-0.0003388181199548
2020-08-20,-0.0774299999999996,286.56999999999994,-1.61,0.58,-0.22,22.72,0.0058952284657567
2020-08-21,-0.0764900000000001,-108.70999999999998,-0.19,-1.61,0.12,22.54,0.0056691347536595
2020-08-26,-0.0650399999999997,-196.44,0.14,-1.11,0.95,23.27,0.0037632761937795
2020-08-27,-0.0618799999999999,39.110000000000014,-0.75,0.14,-0.13,24.47,-0.0001926012158549
2020-08-28,-0.0587400000000002,89.07,-0.61,-0.75,0.58,22.96,0.0115565384332441
2020-09-03,-0.04116,124.36,-1.52,1.35,-2.74,33.6,-0.0008494802310623
2020-09-04,-0.0387999999999999,-31.21000000000004,-0.88,-1.52,-1.08,30.75,0.008022941072015
2020-09-09,-0.0328999999999999,91.57,1.39,-0.12,1.67,28.81,0.0010033172342375
2020-09-10,-0.0325200000000001,23.94,-0.16,1.39,-1.08,29.71,0.0007387712737529
2020-09-11,-0.0321499999999999,-36.14999999999998,0.48,-0.16,0.01,26.87,0.0092532491635374
2020-09-16,-0.0267599999999998,-166.34999999999997,-0.44,1.32,-0.19,26.04,-0.0039279951376303
2020-09-17,-0.02523,-28.760000000000048,-0.47,-0.44,-0.83,26.46,0.0041199674203926
2020-09-18,-0.0237,-25.71999999999997,-0.71,-0.47,-0.65,25.83,0.0092044254167197
2020-09-23,-0.0245699999999999,157.12999999999997,1.2,0.43,-1.61,28.58,-0.0019451781654394
2020-09-24,-0.0259,6.930000000000007,-1.3,1.2,-0.23,28.51,0.0008194104372318
2020-09-25,-0.02723,-58.89999999999998,0.34,-1.3,1.15,26.38,-0.0029213127154027
2020-09-30,-0.02709,97.16000000000004,-0.53,-0.51,0.32,26.37,-0.003458271372733
2020-10-01,-0.0261599999999999,-5.160000000000025,0.23,-0.53,0.54,26.7,0.0007325170897471
2020-10-02,-0.0263299999999999,7.689999999999998,0.39,0.23,-0.74,27.63,-9.612923464819012e-05
2020-10-07,-0.0188049999999999,195.93999999999997,-0.06,0.12,1.13,28.06,0.0048890019091292
2020-10-08,-0.0161919999999999,-218.44,0.53,-0.06,0.75,26.36,0.0005042177991397
2020-10-09,-0.013584,47.579999999999984,0.65,0.53,0.84,25.0,0.00992338051828
2020-10-14,-0.01241,142.88,-0.58,-0.53,-0.43,26.4,0.0015527431832768
2020-10-15,-0.0137599999999999,-76.82999999999998,-1.73,-0.58,-0.72,26.97,-0.0044268851036874
2020-10-16,-0.015116,-12.519999999999982,1.49,-1.73,0.17,27.41,0.0095068711427938
2020-10-21,-0.0212179999999999,-108.97000000000004,-1.91,0.08,-0.2,28.65,8.601428035936998e-06
2020-10-22,-0.022357,44.110000000000014,0.16,-1.91,0.13,28.11,0.0037206042551493
2020-10-23,-0.0235069999999999,-84.55000000000001,1.29,0.16,0.39,27.55,0.0056405732643552
2020-10-28,-0.026191,152.52999999999997,-2.55,-1.09,-3.15,40.28,0.0007194831507685
2020-10-29,-0.0263309999999999,120.05,-0.02,-2.55,0.51,37.59,0.0007671329779722
2020-10-30,-0.026482,-63.22999999999996,-0.08,-0.02,-1.1,38.02,-0.0140998356463656
2020-11-04,-0.028716,299.23999999999995,1.67,2.33,2.0,29.57,0.0052516973930555
2020-11-05,-0.0293729999999999,-278.19999999999993,0.39,1.67,2.07,27.58,-0.0046715965924365
2020-11-06,-0.03004,152.26999999999998,0.07,0.39,0.14,24.86,-0.0012753464152371
2020-11-11,-0.028782,137.84999999999997,1.35,1.79,0.84,23.45,-0.0019787893777594
2020-11-12,-0.027928,-127.21999999999996,-0.68,1.35,-0.75,25.35,0.0021329834526065
2020-11-13,-0.027087,-92.78,-0.36,-0.68,0.8,23.1,0.0047317158511566
2020-11-18,-0.0158180999999999,-102.31,0.31,-0.87,-0.59,23.84,0.0059106847073492
2020-11-19,-0.0126273,108.95999999999998,-0.8,0.31,0.12,23.11,0.0021338076178855
2020-11-20,-0.00944141,-18.680000000000007,0.27,-0.8,-0.25,23.7,0.0110085719632607
2020-11-25,-0.0082881999999999,64.70999999999998,-0.64,1.55,0.1,21.25,-0.0017368117395077
2020-11-26,-0.01003,-24.329999999999984,-0.44,-0.64,0.02,21.25,0.0040431565107373
2020-11-27,-0.0117757,220.8,0.07,-0.44,0.44,20.84,-0.0003857940613719
2020-12-02,0.0046266,-34.33000000000004,1.23,1.89,0.19,21.17,-0.0090048662979542
2020-12-03,0.0110088,-38.94,0.42,1.23,0.28,21.28,0.0029468538820837
2020-12-04,0.0173952,1.8600000000000136,0.92,0.42,0.7,20.79,0.0101941721146276
2020-12-09,0.0334815,-135.83999999999995,0.08,0.05,-0.55,22.27,0.0036367978191762
2020-12-10,0.034603,125.28000000000004,0.54,0.08,0.04,22.52,0.0012258966841668
2020-12-11,0.0357379999999999,-164.08000000000004,-0.8,0.54,-0.25,23.31,-0.0258689548496129
2020-12-16,0.03047,-42.74000000000001,0.88,-0.28,0.42,22.5,0.0065719202540323
2020-12-17,0.0279679999999999,127.49,-0.3,0.88,0.76,21.93,0.0067170071671933
2020-12-18,0.025476,-39.27000000000004,-0.33,-0.3,-0.32,21.57,0.0107058951675422
2020-12-23,0.01685,120.29000000000002,0.66,0.57,0.32,23.31,0.0105589973097196
2020-12-24,0.015639,-5.2900000000000205,0.1,0.66,0.29,21.53,0.0134279257128382
2020-12-31,0.0200719999999999,-65.48000000000002,-1.45,-0.71,0.15,22.75,0.0614994838635591
2021-01-06,0.011658,-79.87,3.47,0.61,0.57,25.07,0.0001232144275478
2021-01-07,0.0106259999999999,-76.14000000000001,0.22,3.47,1.28,22.37,-0.0030410279880735
2021-01-08,0.0095979999999999,-49.41999999999999,0.24,0.22,0.7,21.56,0.005341874429021
2021-01-13,-0.0130649999999999,-42.920000000000016,-0.13,-0.65,0.2,22.21,-0.0005494887085562
2021-01-14,-0.019944,-17.069999999999993,0.84,-0.13,-0.06,23.25,-0.0014265226797325
2021-01-15,-0.0268299999999999,-31.069999999999997,-0.97,0.84,-0.85,24.34,0.0068259598173374
2021-01-20,-0.061595,89.67000000000002,0.41,-0.11,1.06,21.58,-5.038021594450104e-05
2021-01-21,-0.068626,49.620000000000005,-0.37,0.41,0.15,21.32,0.0075348956791764
2021-01-22,-0.0756819999999999,-34.5,-0.3,-0.37,-0.36,21.91,-0.0087951984886345
2021-01-27,-0.1052424,-29.75999999999999,-1.3,0.23,-2.17,37.21,0.0038264882067241
2021-01-28,-0.11044,-182.68,-0.63,-1.3,0.6,30.21,0.0005562318050487
2021-01-29,-0.11568,85.5,-1.82,-0.63,-1.8,33.09,-0.0088391211835479
2021-02-03,-0.1063079999999999,-49.22999999999996,-0.14,0.78,0.22,22.91,9.548697354633262e-05
2021-02-04,-0.09375,-40.38000000000002,-0.06,-0.14,0.72,21.77,0.0042400801807636
2021-02-05,-0.0812299999999999,-25.97999999999999,-0.22,-0.06,0.57,20.87,0.0243930134832943
2021-02-10,-0.0216899999999999,36.35,-0.11,0.12,0.08,21.99,0.0069518516179402
2021-02-11,-0.0101599999999999,15.940000000000026,0.07,-0.11,0.23,21.25,-0.0007391537401437
2021-02-12,0.0013399999999998,137.47,0.94,0.07,0.42,19.97,-0.0020432834361833
2021-02-17,0.0468999999999999,-49.640000000000015,-0.56,-0.11,-0.43,21.5,0.0013169730366134
2021-02-18,0.0544500000000001,17.53,-1.4,-0.56,-0.46,22.49,0.0019645974934393
2021-02-19,0.0620099999999999,48.74000000000001,0.1,-1.4,0.13,22.05,0.0044877067907459
2021-02-24,0.11381,42.68999999999997,0.5,0.21,0.47,21.34,-0.001678951864024
2021-02-25,0.1260909999999999,113.47000000000004,-0.11,0.5,-1.5,28.89,0.0016201329691627
2021-02-26,0.138419,-80.35000000000002,-2.53,-0.11,-1.21,27.95,0.0260842203504484
2021-03-03,0.159185,96.39999999999998,0.93,0.38,-0.96,26.67,0.000393877963509
2021-03-04,0.1512279999999999,-107.00999999999996,-0.37,0.93,-1.28,28.57,0.000649291434168
2021-03-05,0.14333,237.39,-0.31,-0.37,0.82,24.66,-0.0127041848236866
2021-03-10,0.1071599999999999,70.08999999999997,-0.07,0.17,0.49,22.56,0.0034242522395511
2021-03-11,0.1004099999999998,95.94000000000004,0.17,-0.07,1.11,21.91,0.0033068460691838
2021-03-12,0.09369,-232.40000000000003,0.36,0.17,0.04,20.69,0.020712983431996
2021-03-17,0.05031,195.59,-0.6,0.8,0.11,19.23,0.0084259812921263
2021-03-18,0.0403399999999998,-75.63,0.25,-0.6,-0.87,21.58,-0.0072658545423222
2021-03-19,0.03038,159.90000000000003,-1.05,0.25,-0.22,20.95,-0.015404730681212
2021-03-24,-0.0056800000000001,-176.8,0.2,-0.4,-0.74,21.2,0.0062486948651887
2021-03-25,-0.0110599999999998,159.76999999999998,-0.57,0.2,0.28,19.81,0.0020722420760518
2021-03-26,-0.0164600000000001,-176.46999999999997,0.99,-0.57,1.43,18.86,0.0143870588831083
2021-03-31,-0.0494499999999999,61.43000000000001,-0.86,0.53,0.24,19.4,-0.0022177537145474
2021-04-01,-0.0568900000000001,-87.41,0.35,-0.86,1.01,17.33,-0.0059468916200881
2021-04-08,-0.0521800000000001,-103.93,0.83,0.91,0.5,16.95,0.0041686810921692
2021-04-09,-0.0527899999999998,-32.16999999999999,-0.38,0.83,0.5,16.69,-0.0067898938642158
2021-04-14,-0.04722,-107.59,0.71,0.02,-0.16,16.99,-0.0002415718937586
2021-04-15,-0.0449889999999999,28.05000000000001,0.63,0.71,0.97,16.57,-0.0016268913580275
2021-04-16,-0.042764,-38.08000000000001,0.52,0.63,0.39,16.25,0.0117813605144437
2021-04-21,-0.030244,40.60999999999999,0.52,-2.0,0.59,17.5,-0.0042212342097337
2021-04-22,-0.0275619999999999,15.79000000000002,0.62,0.52,-0.31,18.71,0.0072877289019088
2021-04-23,-0.024888,-31.30000000000001,0.0,0.62,0.76,17.33,0.009730137016283
2021-04-28,-0.0204119999999999,-122.15,0.27,-0.26,-0.0,17.28,0.0012713072918099
2021-04-29,-0.0207079999999999,144.48,-0.03,0.27,0.39,17.61,0.0004838301647719
2021-04-30,-0.021013,-168.14,0.12,-0.03,-0.83,18.61,0.007734384207065
2021-05-06,-0.01683,-76.66000000000003,0.52,1.68,0.65,18.39,0.002448833118768
2021-05-07,-0.015664,1.8400000000000036,0.76,0.52,0.93,16.69,0.0020910331770264
2021-05-12,-0.0105689999999999,-171.23999999999998,0.82,-2.47,-1.76,27.59,0.0003725280451666
2021-05-13,-0.009649,19.849999999999994,-0.59,0.82,0.55,23.13,-0.0016636225539404
2021-05-14,-0.0087339999999999,-18.47,1.15,-0.59,1.6,18.81,-0.0330361342621804
2021-05-19,-0.004179,33.130000000000024,-1.19,0.02,-0.61,22.18,0.0076054056456827
2021-05-20,-0.0032719999999999,32.39999999999998,1.0,-1.19,1.07,20.67,-0.0015631985967878
2021-05-21,-0.002365,-106.44,-0.02,1.0,0.03,20.15,-0.0144763629681525
2021-05-26,0.0036829999999999,-123.29,-0.04,-0.31,0.13,17.36,0.0026066217640046
2021-05-27,0.0050979999999999,25.549999999999983,-0.1,-0.04,0.04,16.74,0.0140538721035936
2021-05-28,0.006514,128.07,0.04,-0.1,0.29,16.76,0.0160136243697812
2021-06-03,0.012905,60.900000000000006,-0.61,0.39,-0.44,18.04,-0.0077829062588836
2021-06-04,0.0129549999999999,-74.85999999999999,0.07,-0.61,0.82,16.42,0.0007886463637537
2021-06-09,0.0153039999999999,105.73000000000002,-0.2,0.25,-0.17,17.89,-0.0001312836252479
2021-06-10,0.01606,-112.46,0.1,-0.2,0.36,16.1,-0.0035640190754586
2021-06-11,0.016823,87.83000000000001,0.65,0.1,0.17,15.65,-0.0043280428206304
2021-06-16,0.018928,-23.710000000000008,0.17,0.36,-0.29,18.15,5.603275690224674e-05
2021-06-17,0.0191289999999999,13.650000000000006,-0.44,0.17,-0.4,17.75,-0.0046872488004396
2021-06-18,0.019337,166.57,-1.9,-0.44,-1.41,20.7,0.0125575930637765
2021-06-23,0.014603,25.379999999999995,-0.22,0.39,-0.1,16.32,0.0018624057154901
2021-06-24,0.01289,-33.22,0.51,-0.22,0.51,15.97,-0.0004874718529986
2021-06-25,0.0111829999999999,68.10999999999999,0.37,0.51,0.38,15.62,0.0210727056638375
2021-06-30,0.0089959999999998,-111.70000000000002,-0.71,0.21,-0.24,15.83,-0.0040967816958971
2021-07-01,0.009408,9.980000000000018,1.25,-0.71,0.36,15.48,0.0026267683419561
2021-07-02,0.0079159999999999,17.340000000000003,-0.03,1.25,0.59,15.07,0.0080410671153976
2021-07-07,-0.0034109999999999,-123.57999999999998,0.71,-0.89,0.23,16.2,0.0106619194502858
2021-07-08,-0.006197,46.22,-1.68,0.71,-0.9,19.0,-0.0032576465463611
2021-07-09,-0.008983,-48.43000000000001,1.3,-1.68,1.02,16.18,0.0055207327506709
2021-07-14,-0.0123739999999999,-150.69,-0.47,-0.01,-0.02,16.33,0.0026808670591295
2021-07-15,-0.011653,181.99,-1.12,-0.47,-0.49,17.01,0.0035456845296213
2021-07-16,-0.010935,-157.99,-0.06,-1.12,-0.62,18.45,0.0071255230950263
2021-07-21,-0.014792,-18.44,1.7,0.54,1.03,17.91,0.0044615465277016
2021-07-22,-0.0165629999999999,-34.890000000000015,-0.43,1.7,0.33,17.69,-0.0042205205799367
2021-07-23,-0.0183389999999999,59.140000000000015,0.85,-0.43,0.85,17.2,-0.0282458986367923
2021-07-28,-0.026478,4.329999999999984,0.29,-0.42,0.02,18.31,0.0035288369597344
2021-07-29,-0.0280189999999999,51.83000000000001,0.88,0.29,0.66,17.7,0.0066370787331661
2021-07-30,-0.02957,23.110000000000014,-0.65,0.88,-0.67,18.24,-0.0270705729571606
2021-08-04,-0.0321589999999999,-19.36,0.26,0.34,-0.22,17.97,0.005619424632732
2021-08-05,-0.032002,205.87,-0.05,0.26,0.53,17.28,-0.0011607465307256
2021-08-06,-0.0318569999999999,-190.33,0.04,-0.05,-0.13,16.15,-0.0012092052195517
2021-08-11,-0.0278266999999999,-455.09,0.83,0.4,0.34,16.06,0.0028795018428514
2021-08-12,-0.0265904,-43.22999999999999,-0.37,0.83,0.19,15.59,0.0039037147694763
2021-08-13,-0.0253643599999999,44.56,0.35,-0.37,0.3,15.45,0.0159012933907861
2021-08-18,-0.0214204,-10.349999999999994,-0.16,0.38,-0.71,21.57,0.0099066899622264
2021-08-19,-0.0209299999999999,31.419999999999987,-1.54,-0.16,-0.48,21.67,4.303332859878495e-05
2021-08-20,-0.020448,-50.16,0.41,-1.54,0.55,18.56,-0.0117739607966526
2021-08-25,-0.018094,0.539999999999992,0.34,0.24,0.12,16.79,0.0036627640135981
2021-08-26,-0.0176359999999999,-42.16,-0.35,0.34,-0.5,18.84,-0.0004460772756816
2021-08-27,-0.017185,63.920000000000016,0.32,-0.35,0.75,16.39,0.0055385040372362
2021-09-02,-0.014183,-41.08000000000001,0.2,0.42,0.31,16.41,0.0086290122401361
2021-09-03,-0.0122039999999999,37.56999999999999,-0.36,0.2,0.08,16.41,-0.0566753836194643
2021-09-08,0.0003909999999999,-118.59,-0.75,-0.53,-0.38,17.96,0.006964324162723
2021-09-09,0.0032739999999999,-46.93000000000001,-1.01,-0.75,-0.35,18.8,-0.005639830731991
2021-09-10,0.006157,-55.99000000000001,0.07,-1.01,-0.45,20.95,0.0290038035416999
2021-09-15,0.0229679999999999,-114.74,-0.25,-0.49,0.37,18.18,0.0051580622227268
2021-09-16,0.0266629999999999,-72.50999999999999,0.16,-0.25,-0.16,18.69,0.0052011685507015
2021-09-17,0.0303669999999999,-10.190000000000012,-0.91,0.16,-0.83,20.81,0.00826258103562
2021-09-22,0.046444,-38.19999999999999,1.47,1.12,0.81,20.87,0.0011067163005126
2021-09-23,0.0493546,-88.96000000000001,-0.07,1.47,1.04,18.63,-0.0049199575223057
2021-09-24,0.0522845,-44.93000000000001,-0.38,-0.07,-0.09,17.75,0.0160341446940603
2021-09-29,0.0598749999999999,-32.25,1.14,-0.5,-0.13,22.56,0.004825778214035
2021-09-30,0.060478,89.92000000000002,-0.31,1.14,-0.73,23.14,-0.0067194299732901
2021-10-01,0.0611029999999999,-94.38000000000002,-0.84,-0.31,0.54,21.15,0.0129195317250048
2021-10-06,0.044464,76.88999999999999,-1.15,0.94,-0.01,21.0,0.0016784202260039
2021-10-07,0.041721,-13.810000000000002,1.17,-1.15,1.02,19.54,-0.0005311291992832
2021-10-08,0.0389929999999999,-34.869999999999976,0.25,1.17,-0.09,18.77,0.0201533030557936
2021-10-13,0.0287899999999999,33.44999999999999,0.16,-0.23,0.47,18.64,0.0018442291345538
2021-10-14,0.0272149999999999,21.19,0.92,0.16,1.5,16.86,-7.980619749503592e-05
2021-10-15,0.0256499999999999,-96.01,0.37,0.92,0.81,16.3,-0.0491564399106234
2021-10-20,0.0149299999999998,-55.63000000000001,0.08,0.19,0.37,15.49,0.0056131711983077
2021-10-21,0.0123900000000001,61.67,-0.45,0.08,0.15,15.01,0.0027018234177776
2021-10-22,0.0098799999999998,-32.60000000000001,0.2,-0.45,-0.04,15.43,0.0092571399830204
2021-10-27,-0.0006300000000001,-54.10999999999999,-0.33,0.76,-0.49,16.98,0.0081899063206039
2021-10-28,-0.0024399999999999,-4.090000000000003,-0.05,-0.33,0.87,16.53,0.0028365074934927
2021-10-29,-0.0042699999999999,15.789999999999992,-0.16,-0.05,-0.15,16.26,0.0203063780382912
2021-11-03,-0.0112699999999998,35.71000000000004,-0.36,-0.19,0.52,15.1,0.0004329414772804
2021-11-04,-0.01197,14.149999999999975,0.43,-0.36,0.38,15.44,0.0026785652255787
2021-11-05,-0.0126699999999999,13.889999999999986,0.33,0.43,0.24,16.48,0.0132464902098583
2021-11-10,-0.015376,-139.03,0.91,-0.36,-0.81,18.73,0.0019429205818966
2021-11-11,-0.015819,41.81,0.6,0.91,0.01,17.66,0.0051733285369767
2021-11-12,-0.0162679999999999,140.58,-0.49,0.6,0.68,16.29,-0.0111139199011039
2021-11-17,-0.0216199999999999,-48.54999999999998,-0.49,-0.34,-0.28,17.11,0.0052407477911875
2021-11-18,-0.023116,93.22,-0.48,-0.49,0.17,17.59,0.0034973989717485
2021-11-19,-0.0246189999999999,-22.27000000000001,-0.45,-0.48,-0.2,17.91,-0.0352494859234693
2021-11-24,-0.029217,73.69000000000001,0.27,0.15,0.04,18.58,0.0093361401892883
2021-11-25,-0.0297609999999999,-68.55000000000001,0.33,0.27,0.14,18.58,0.0078676587632229
2021-11-26,-0.0303149999999999,35.53999999999999,-3.64,0.33,-2.2,28.62,0.0180786134594312
2021-12-01,-0.0350949999999999,-22.079999999999984,1.55,-0.71,-0.45,31.12,0.0301608423607002
2021-12-02,-0.035069,-27.77000000000001,-0.55,1.55,0.75,27.95,-0.0019795284815237
2021-12-03,-0.035056,104.93,-0.1,-0.55,-0.79,30.67,0.0104361769931575
2021-12-08,-0.030753,-33.03999999999999,-0.04,1.49,0.38,19.9,0.0078612936343243
2021-12-09,-0.0293379999999999,-10.829999999999998,-0.22,-0.04,-0.75,21.58,0.0034617025926917
2021-12-10,-0.027935,2.1699999999999875,-0.4,-0.22,0.5,18.69,-0.0174927744674719
2021-12-15,-0.0257694,30.25999999999999,-0.66,-0.18,1.18,19.29,0.0044780840723186
2021-12-16,-0.025992184,60.04000000000002,1.25,-0.66,-0.25,20.57,0.0069671795751251
2021-12-17,-0.026224816,-40.10000000000002,0.13,1.25,-0.87,21.57,0.0109329446089594
2021-12-22,-0.028063,15.829999999999984,0.61,1.38,0.99,18.63,0.0080132791654703
2021-12-23,-0.028532,50.66,0.43,0.61,0.71,17.96,0.0027585733281914
2021-12-24,-0.0290119999999999,-111.91,-0.02,0.43,0.02,17.96,0.0057696277140751
2021-12-31,-0.022149,81.49000000000001,-0.25,-0.24,-0.16,17.22,0.0694187967183423
2022-01-06,-0.0076539999999999,10.620000000000005,-0.88,0.16,-0.57,19.61,0.0049247947795595
2022-01-07,-0.005143,39.24000000000001,0.47,-0.88,-0.22,18.76,-0.0077950624764919
2022-01-12,0.004112,-122.38000000000002,0.81,0.62,0.65,17.62,0.0041017287887807
2022-01-13,0.005528,13.72,0.16,0.81,-1.0,20.31,-0.0021666480631897
2022-01-14,0.0069449999999999,-120.48,-0.28,0.16,-0.28,19.19,0.0096877108455404
2022-01-19,0.0135609999999999,-54.589999999999975,0.35,-0.63,-0.82,23.85,0.0038324199627619
2022-01-20,0.014828,15.779999999999973,-0.06,0.35,-0.53,25.59,0.0038516179567146
2022-01-21,0.0161,12.430000000000009,-1.2,-0.06,-1.85,28.85,0.006886439994054
2022-01-26,0.0225869999999999,88.4,1.33,1.02,0.14,31.96,0.0016799409911715
2022-01-27,0.023911,-171.21,1.13,1.33,-0.82,30.49,0.0030618171007629
2022-01-28,0.0252439999999999,174.03,-1.17,1.13,1.7,27.66,0.0152495074950983
2022-02-02,0.027147,15.26000000000002,0.63,0.96,0.88,22.09,0.0016184835762067
2022-02-03,0.0248535,-12.670000000000016,-0.71,0.63,-1.97,24.35,0.0053562779238581
2022-02-04,0.0225681999999999,-57.829999999999984,-0.17,-0.71,0.29,23.22,0.015574760329986
2022-02-09,0.0171451,5.829999999999984,1.01,-0.08,1.55,19.96,-0.0009258095096786
2022-02-10,0.0168656999999999,-9.079999999999984,0.38,1.01,-1.18,23.91,-0.0012250424336309
2022-02-11,0.0165926999999999,-100.53,-0.15,0.38,-1.58,27.36,0.00604673396229
2022-02-16,0.0110029999999999,64.15999999999997,-0.07,1.03,0.2,24.29,0.0021377642276921
2022-02-17,0.0093239999999999,-191.23,-0.87,-0.07,-1.67,28.11,-0.0021330843846231
2022-02-18,0.00765,99.1,-0.32,-0.87,-0.85,27.75,-0.000675815582397
2022-02-23,-0.0012559999999999,25.88000000000001,0.05,0.13,-1.37,31.02,0.0066517801945209
2022-02-24,-0.00311,109.68,-3.88,0.05,-0.12,30.32,-0.0068222493394356
2022-02-25,-0.0049659999999999,-72.58000000000001,3.91,-3.88,2.56,27.59,0.0272193071063659
2022-03-02,-0.0094569999999999,152.32000000000002,1.36,-1.72,1.14,30.74,0.0018707684485073
2022-03-03,-0.008787,-121.05,-2.57,1.36,-0.74,30.48,0.007822517175662
2022-03-04,-0.0081202999999999,99.49,-3.48,-2.57,-1.56,31.98,0.0048830888774717
2022-03-09,-0.0070898999999999,-108.47,3.25,0.07,3.01,32.45,0.0041330898178776
2022-03-10,-0.0071933,43.650000000000006,-1.27,3.25,-0.36,30.23,-0.0008849968004588
2022-03-11,-0.0072993999999999,119.21999999999996,0.8,-1.27,-1.1,30.75,0.0112099119977104
2022-03-16,-0.0084470999999999,36.10999999999999,1.62,-0.25,2.46,26.67,-0.0019239465246085
2022-03-17,-0.00876236,353.72,1.28,1.62,1.53,25.67,0.0068539316289463
2022-03-18,-0.00908104,-221.12999999999997,0.26,1.28,0.98,23.87,0.0185396162206002
2022-03-23,-0.0087669,480.58,-0.22,0.46,-0.91,23.57,0.0022939948088651
2022-03-24,-0.0084530999999999,29.079999999999927,0.09,-0.22,0.95,21.67,0.002306699567694
2022-03-25,-0.0081426,-179.88,0.21,0.09,0.25,20.81,-0.0001582988071456
2022-03-30,-0.007304,-131.38,0.55,0.86,-0.45,19.33,-0.0029100293195242
2022-03-31,-0.007235,49.610000000000014,-0.83,0.55,-1.41,20.56,0.0007360071868944
2022-04-01,-0.0071679999999999,-142.23000000000002,0.3,-0.83,0.13,19.63,0.0090043784138035
2022-04-06,-0.0080039999999999,-47.93000000000001,-0.34,0.72,-1.22,22.1,0.0054988257080412
2022-04-07,-0.008165,116.5,-0.47,-0.34,0.06,21.55,-0.0022079861509013
2022-04-08,-0.008328,33.95000000000002,1.56,-0.47,-0.06,21.16,-0.0020794329370301
2022-04-13,-0.010285,-129.01999999999998,0.05,-0.55,0.85,21.82,0.0032725418088924
2022-04-14,-0.0108339999999999,145.17,0.47,0.05,-0.82,22.7,0.0014522111477748
2022-04-21,-0.01361,-198.4,-0.02,0.37,-1.16,22.68,4.248287557995223e-05
2022-04-22,-0.0138989999999999,88.81,-1.39,-0.02,-2.62,28.21,-0.0048595140094815
2022-04-27,-0.014386,244.39,0.53,0.08,-0.12,31.6,-0.0034061615671101
2022-04-28,-0.0143599999999999,240.82,1.13,0.53,1.92,29.99,-0.0012545085133323
2022-04-29,-0.0143409999999999,-429.97,0.47,1.13,-2.3,33.4,-0.0104667515477591
2022-05-05,-0.0138039999999999,-102.89,0.13,-0.9,-2.8,31.2,0.008941579152033
2022-05-06,-0.01369,81.64999999999999,-1.54,0.13,-0.79,30.19,-0.0050641860698946
2022-05-11,-0.009101,95.73,1.44,0.37,-0.92,32.56,-0.0001817298264482
2022-05-12,-0.00765,-36.95000000000002,-1.56,1.44,-0.48,31.77,-0.0025597041715563
2022-05-13,-0.0062029999999999,-48.62999999999998,2.55,-1.56,2.33,28.87,-0.0069204575014225
2022-05-18,-0.002972,-30.97,-1.07,0.72,-2.98,30.96,0.0004265313094936
2022-05-19,-0.0028589999999999,415.22,-1.82,-1.07,-0.51,29.35,0.0049714409144888
2022-05-20,-0.002749,-445.94,1.19,-1.82,0.16,29.43,0.0284244759882461
2022-05-25,-0.0021219999999999,55.34,0.51,-0.39,0.73,28.37,0.0020378954059894
2022-05-26,-0.0019869999999999,18.5,0.56,0.51,1.62,27.5,0.0026562952045218
2022-05-27,-0.001854,-1.9300000000000068,0.27,0.56,2.14,25.72,0.0111805282775465
2022-06-01,0.002124,-34.20999999999998,-0.98,0.1,-0.74,25.69,0.0066034983213689
2022-06-08,0.011568,51.03,-0.08,-0.12,-0.79,23.96,0.0030978649845279
2022-06-09,0.0125619999999999,-4.589999999999975,-1.54,-0.08,-2.21,26.09,0.0012870770231721
2022-06-10,0.0135589999999999,-129.04000000000002,-2.12,-1.54,-2.95,27.75,0.0153953534914008
2022-06-15,0.019072,118.19,1.2,-0.25,1.22,29.62,0.0041575009414657
2022-06-16,0.020253,-197.06,-3.14,1.2,-2.59,32.95,0.0023061212755312
2022-06-17,0.0214419999999999,5.240000000000009,-0.41,-3.14,-0.19,31.13,-0.0243395146918677
2022-06-22,0.026912,46.98000000000002,-0.88,0.42,-0.24,28.95,0.0073336033177168
2022-06-23,0.0279559999999999,142.51000000000002,-0.97,-0.88,0.46,29.05,-0.0009019532328643
2022-06-24,0.029009,-139.73000000000002,2.68,-0.97,2.76,27.23,0.0071465813712687
2022-06-29,0.0350556999999999,123.96999999999998,-0.15,0.9,-0.38,28.16,0.0030252106628694
2022-06-30,0.0363837,-77.35,-1.96,-0.15,-1.1,28.71,0.0066145496634043
2022-07-01,0.0377258999999999,87.28999999999999,-0.01,-1.96,0.54,26.7,0.013304659223144
2022-07-06,0.02948,385.97,1.17,-2.86,0.28,26.73,-0.0028818122140324
2022-07-07,0.0278969999999999,-146.48000000000002,1.14,1.17,1.59,26.08,0.0054501995388019
2022-07-08,0.026325,94.21000000000004,0.1,1.14,0.06,24.64,0.0085055244012799
2022-07-13,0.0185299999999999,158.80999999999997,-0.74,0.18,-0.37,26.82,0.0043143887177725
2022-07-14,0.016986,-74.39999999999998,-1.63,-0.74,-0.93,26.4,-0.0003070893898764
2022-07-15,0.015448,-110.73,1.69,-1.63,1.89,24.23,0.0118717450940522
2022-07-20,0.0082729999999999,-82.95000000000002,-0.44,1.01,0.59,23.88,-0.0145212683163034
2022-07-21,0.006908,-65.89,0.09,-0.44,0.75,23.11,-7.16797026648619e-05
2022-07-22,0.0055459999999999,15.36,0.08,0.09,-0.49,23.03,0.0046911154404731
2022-07-27,-0.000686,206.97,0.57,-0.0,1.93,23.24,0.0066154738546624
2022-07-28,-0.0018559999999999,105.93,-0.04,0.57,1.3,22.33,-0.0016588734186903
2022-07-29,-0.003027,-161.08,1.06,-0.04,1.35,21.33,-0.0122551232852415
2022-08-03,-0.007288,-73.75999999999999,0.49,-0.06,0.99,21.95,0.0051911998196316
2022-08-04,-0.007307,-12.389999999999986,0.03,0.49,0.23,21.44,0.0092223096612601
2022-08-05,-0.0073269999999999,-71.97,-0.11,0.03,-0.35,21.15,0.0130477884659544
2022-08-10,-0.0065769999999999,-19.91,0.25,0.08,2.18,19.74,0.003464885927656
2022-08-11,-0.0063149999999999,-106.98,-0.55,0.25,-0.04,20.2,0.0065416787335543
2022-08-12,-0.006057,33.56,0.47,-0.55,1.15,19.53,0.015291365824531
2022-08-17,-0.0052149999999999,-53.28999999999999,-0.27,0.36,-0.76,19.9,-0.0007101110256082
2022-08-18,-0.005109,32.66999999999999,0.35,-0.27,0.13,19.56,0.0006083553878386
2022-08-19,-0.0050059999999999,-138.98000000000002,0.11,0.35,-1.37,20.6,0.014995994915505
2022-08-24,-0.004807,36.81999999999999,-0.22,-0.61,0.21,22.82,0.0022089012428312
2022-08-25,-0.0048139999999999,-13.47,0.11,-0.22,1.19,21.78,-0.0029697982626869
2022-08-26,-0.00482,5.97999999999999,-0.7,0.11,-2.67,25.56,0.0072628711602081
2022-09-01,-0.004768,-156.61,-1.86,-1.05,-0.65,25.56,0.0026922258304705
2022-09-02,-0.0050489999999999,18.090000000000003,1.86,-1.86,-0.19,25.47,0.0144145967485647
2022-09-07,-0.006924,74.33999999999997,-0.86,0.18,1.13,24.64,0.0036668958749376
2022-09-08,-0.0073649999999999,23.019999999999985,0.33,-0.86,0.84,23.61,-0.003576408393329
2022-09-09,-0.007808,-397.87,1.23,0.33,1.77,22.79,0.0130202384355578
2022-09-14,-0.0083729999999999,34.67,-1.47,-1.17,-0.06,26.16,0.0026780683069376
2022-09-15,-0.00827,55.19,0.07,-1.47,-0.99,26.27,0.0036758464878947
2022-09-16,-0.008169,-64.47999999999999,-0.62,0.07,-0.88,26.3,0.015368592068205
2022-09-22,-0.0112225,12.610000000000014,-1.08,0.63,-1.08,27.35,-0.0068748614317527
2022-09-23,-0.0120438,-42.38,-1.97,-1.08,-2.04,29.92,0.0054838161758368
2022-09-28,-0.0120074,504.94000000000005,0.3,-0.52,1.45,30.18,0.004011652407064
2022-09-29,-0.0114526,-697.51,-1.77,0.3,-1.54,31.84,-0.0006219155841995
2022-09-30,-0.0109020999999999,-144.60000000000008,0.18,-1.77,-0.94,31.62,0.0024772802221807
2022-10-05,-0.0099101999999999,434.57,-0.48,2.57,-0.46,28.55,0.0008694252711696
2022-10-06,-0.0099625,-269.84,-0.78,-0.48,-0.87,30.52,0.0023523889233962
2022-10-07,-0.0100179999999999,-80.84000000000003,-0.09,-0.78,-2.45,31.36,0.0130168783007563
2022-10-12,-0.011715,173.92999999999995,-0.86,-1.06,-0.36,33.57,0.0053617583844346
2022-10-13,-0.012248,200.26,0.35,-0.86,1.86,31.94,0.001752700066507
2022-10-14,-0.0127849999999999,-341.04,0.12,0.35,-1.45,32.02,0.0077795457167086
2022-10-19,-0.014535,464.98,-0.17,0.24,-0.76,30.76,0.000420825357297
2022-10-20,-0.0147669999999999,-870.8,0.27,-0.17,-0.41,29.98,-0.005815711297246
2022-10-21,-0.015003,84.43000000000006,0.37,0.27,1.37,29.69,-0.0932045973732328
2022-10-26,-0.016309,197.23,0.61,-0.01,-0.07,27.28,0.0074609557811323
2022-10-27,-0.0165929999999999,-415.96,0.25,0.61,-0.48,27.39,0.0070704572667124
2022-10-28,-0.016883,12.009999999999993,-0.37,0.25,1.48,25.75,0.0062337508017158
2022-11-02,-0.017647,192.9,-0.58,1.29,-1.83,25.86,0.002869151718045
2022-11-03,-0.0172549999999999,124.27000000000004,0.62,-0.58,-1.28,25.3,0.0055140505536932
2022-11-04,-0.0168679999999999,-274.00000000000006,2.03,0.62,1.59,24.55,-0.0287360403389948
2022-11-09,-0.0147939999999999,119.07,-0.14,0.08,-1.77,26.09,0.0082221071178029
2022-11-10,-0.0143659999999999,-123.51999999999998,1.08,-0.14,5.05,23.53,0.0055884169962912
2022-11-11,-0.013942,-15.870000000000005,-0.78,1.08,1.42,22.52,0.0122969842824315
2022-11-16,-0.010981,171.02,-0.25,-0.21,-0.77,24.11,0.0078215931225811
2022-11-17,-0.0102789999999999,154.46000000000004,-0.06,-0.25,-0.57,23.93,0.0010508789573535
2022-11-18,-0.009582,7.5,0.53,-0.06,0.63,23.12,0.0169015598743007
2022-11-23,-0.00895,17.160000000000025,0.17,1.03,0.82,20.35,0.0078376154036012
2022-11-24,-0.0092069999999999,-46.390000000000015,0.02,0.17,0.32,20.35,0.0085733219362973
2022-11-25,-0.009469,8.039999999999992,0.27,0.02,-0.09,20.5,0.0129019015850458
2022-11-30,-0.009411,-67.82999999999998,0.81,0.51,2.16,20.58,0.0130940608605102
2022-12-01,-0.0092209999999999,7.9199999999999875,-0.19,0.81,0.74,19.84,0.0431196228833539
2022-12-02,-0.007108,270.26,-0.03,-0.19,-0.29,19.06,-0.0159717299242815
2022-12-07,0.003429,-19.329999999999984,-0.43,-0.61,-0.29,22.68,0.0050349816613477
2022-12-08,0.005538,56.04999999999998,-0.23,-0.43,0.6,22.29,0.0085138471781738
2022-12-09,0.0076469999999999,-106.38,0.06,-0.23,-0.28,22.83,-0.0043987524202946
2022-12-14,0.018156,424.16,-0.09,0.76,-0.37,21.14,0.0016038829432482
2022-12-15,0.020262,-405.19000000000005,-0.93,-0.09,-2.53,22.83,0.005760963172448
2022-12-16,0.0223749999999999,157.28,-1.27,-0.93,-1.17,22.62,0.0168468595847104
2022-12-21,0.032616,15.120000000000005,1.72,0.13,1.31,20.07,-0.0001420905767908
2022-12-22,0.034636,46.13,-0.37,1.72,-1.21,21.97,0.0100311993668503
2022-12-23,0.0366679999999999,-76.74,0.05,-0.37,0.38,20.87,0.0124538988337594
2022-12-30,0.051482,-207.92,-0.81,0.21,-0.36,21.67,0.0005865402300886
2023-01-05,0.0445923,121.94,0.64,0.41,-1.13,22.46,-0.0028222716085836
2023-01-06,0.0418109999999999,-244.2,0.87,0.64,2.12,21.13,0.0073906782864553
2023-01-11,0.027154,133.91,0.4,-0.39,1.11,21.09,-0.0025186954761032
2023-01-12,0.024129,44.94999999999999,0.89,0.4,0.72,18.83,-0.0039541628625999
2023-01-13,0.0211139999999999,-307.23,0.64,0.89,0.57,18.35,0.0188805435922637
2023-01-18,0.00656,-2.1299999999999955,-0.26,-0.12,-0.84,20.34,-0.0020345198734001
2023-01-19,0.0037179999999999,-43.27000000000004,-1.07,-0.26,-1.04,20.52,0.0032462509225333
2023-01-20,0.000877,151.82,0.3,-1.07,1.49,19.85,0.020640932601223
2023-01-25,-0.0136259999999999,-76.92,-0.16,-0.35,0.03,19.08,0.0028661055965927
2023-01-26,-0.016576,141.24,0.21,-0.16,0.76,18.73,0.0092590064638302
2023-01-27,-0.0195319999999999,-116.19,0.05,0.21,0.3,18.51,0.0166535790967847
2023-02-01,-0.0320979999999999,-88.16,-0.14,-0.17,0.9,17.87,0.0014411880107285
2023-02-02,-0.030737,-29.52000000000001,0.76,-0.14,1.35,18.73,0.0072420764737848
2023-02-03,-0.0293869999999999,144.74,1.04,0.76,-0.95,18.33,0.0022577056542985
2023-02-08,-0.0244238,240.47,0.26,0.36,-0.66,19.63,0.0049625545382092
2023-02-09,-0.023677382,-200.73,0.33,0.26,-0.41,20.71,0.0024047470631278
2023-02-10,-0.022940018,-89.97999999999999,-0.36,0.33,-0.24,20.53,0.0076751983150502
2023-02-15,-0.020095,20.359999999999985,0.55,0.08,0.1,18.23,0.0096955685090713
2023-02-16,-0.0196449999999999,45.81,0.18,0.55,-0.88,20.17,0.0019048508316397
2023-02-17,-0.0192029999999999,-117.12,-0.1,0.18,-0.39,20.02,0.0071556116487154
2023-02-22,-0.017823,240.53,-0.59,-0.46,-0.35,22.29,-0.0030603026705378
2023-02-23,-0.017664,-92.19,-0.29,-0.59,0.24,21.14,0.0022800496243179
2023-02-24,-0.017513,-124.98999999999998,-0.37,-0.29,-1.11,21.67,0.0054682331981381
2023-03-01,-0.013423,170.56,0.49,-0.74,-0.29,20.58,0.002406862770076
2023-03-02,-0.0117369999999999,-163.59999999999997,0.37,0.49,0.48,19.59,-0.0023559868991754
2023-03-03,-0.010054,-107.91000000000004,0.04,0.37,1.41,18.49,0.0146527844605094
2023-03-08,-0.005002,-70.25999999999999,0.13,-0.13,0.02,19.11,-0.0008952248500967
2023-03-09,-0.0044399999999999,-133.42000000000002,-0.63,0.13,-1.25,22.61,0.0001914081698649
2023-03-10,-0.0038799999999999,9.830000000000013,-1.67,-0.63,-1.25,24.8,0.0091093699458016
2023-03-15,0.0006249999999999,-27.769999999999985,-3.83,1.17,-1.34,26.14,-0.0047166435103119
2023-03-16,0.001756,50.99000000000001,0.89,-3.83,1.5,22.99,0.0057704898075779
2023-03-17,0.0028849999999999,-184.45,-1.01,0.89,-0.81,25.51,0.0044991747071341
2023-03-22,0.008195,45.88999999999999,0.41,1.79,-0.95,22.26,0.0035520720011781
2023-03-23,0.009216,215.62,-0.89,0.41,0.4,22.61,0.0006028725396506
2023-03-24,0.010241,-210.08,-1.26,-0.89,-0.16,21.74,-0.0103247198103517
2023-03-29,0.012783,-485.23,1.07,0.17,1.28,19.12,0.0047851700927933
2023-03-30,0.0129549999999999,111.18,0.74,1.07,0.74,19.02,0.0027383316766048
2023-03-31,0.0131299999999999,15.379999999999995,0.15,0.74,1.15,18.7,0.017017830976691
2023-04-05,0.011416,-150.19,0.37,-0.5,-0.46,19.08,-0.0088320880951863
2023-04-06,0.0111749999999999,78.52000000000001,1.03,0.37,0.22,18.4,0.0129168498249393
2023-04-13,0.009659,-162.92999999999998,0.24,0.5,1.21,17.8,0.0018510690822846
2023-04-14,0.0094619999999999,-41.21,0.36,0.24,-0.12,17.07,0.0028809332782815
2023-04-19,0.006019,28.549999999999983,-0.13,0.38,-0.09,16.46,-0.0020996166364852
2023-04-20,0.0050029999999999,-88.97,0.05,-0.13,-0.38,17.17,0.006817647839775
2023-04-21,0.0039881999999999,-18.86,0.15,0.05,0.02,16.77,-0.006639920511877
2023-04-26,0.0015755,-915.91,-0.49,-0.27,-0.35,18.84,0.0016346880040334
2023-04-27,0.001447,-43.14999999999999,-0.27,-0.49,1.3,17.03,-0.0015968694579008
2023-04-28,0.0013192999999999,70.34000000000002,0.5,-0.27,0.72,15.78,0.0159182005724645
2023-05-04,5.8700000000008745e-05,46.24000000000001,-1.1,0.2,-0.61,20.09,0.0047738975144697
2023-05-05,-0.0003260999999999,-130.70000000000002,0.98,-1.1,1.54,17.19,-0.0064711997520809
2023-05-11,-0.0045691999999999,-38.98,-0.14,-0.29,-0.27,16.93,0.0042490199547792
2023-05-12,-0.0054407999999999,-31.040000000000006,0.31,-0.14,-0.2,17.03,0.0068170391768993
2023-05-17,-0.0095859999999999,-42.80000000000001,-0.36,-0.34,0.66,16.87,0.0038282798353077
2023-05-18,-0.010392,26.97999999999999,0.25,-0.36,0.68,16.05,-0.0002553582837131
2023-05-19,-0.0112009999999999,25.879999999999995,0.19,0.25,0.09,16.81,-0.0067896781319697
2023-05-24,-0.015074,547.14,-1.75,-0.1,-1.0,20.03,0.003874958410879
2023-05-25,-0.0158329999999999,-415.66,-0.74,-1.75,0.29,19.14,0.0160555692508851
2023-05-26,-0.0165979999999999,3.1399999999999864,0.74,-0.74,1.11,17.95,-0.0010516288296661
2023-06-01,-0.01778,28.98999999999998,0.59,-1.01,1.11,15.65,0.0022424352559106
2023-06-02,-0.014934,77.46000000000004,1.56,0.59,1.47,14.6,0.0251670005317197
2023-06-07,-0.00326,49.25,-0.05,0.37,-0.4,13.94,0.0001933423701915
2023-06-08,-0.0012649999999999,140.49,-0.32,-0.05,0.54,13.65,0.0103852472899558
2023-06-09,0.0007299999999999,-29.01000000000002,-0.49,-0.32,0.12,13.83,0.0312875380281509
2023-06-14,0.010216,125.24,0.1,0.32,0.34,13.88,0.0002393308355292
2023-06-15,0.0120549999999999,22.329999999999984,0.34,0.1,0.91,14.5,0.0018763360334401
2023-06-16,0.013897,-41.98999999999998,0.19,0.34,-0.14,13.54,0.0144048595113246
2023-06-21,0.0200249999999999,30.549999999999983,-0.13,-0.25,-0.4,13.2,0.0074820558476651
2023-06-22,0.020848,91.51000000000002,-0.76,-0.13,0.09,12.91,-0.0021499415074988
2023-06-23,0.021679,-165.65,-0.54,-0.76,-0.96,13.44,0.0127214512914732
2023-06-28,0.0303827,-245.92,0.52,0.11,0.13,13.43,-7.392783041693107e-05
2023-06-29,0.0327437999999999,-15.75,-0.38,0.52,0.31,13.54,0.013674120782595
2023-06-30,0.0351172,53.49000000000001,0.8,-0.38,1.12,13.59,-0.0090789536832481
2023-07-05,0.0282529999999999,-91.39,-1.03,-0.1,-0.37,14.18,0.0018815044480281
2023-07-06,0.025687,154.87,-2.17,-1.03,-1.22,15.44,-0.0013447005152611
2023-07-07,0.0231329999999999,-36.63999999999999,-0.32,-2.17,-0.01,14.83,-0.0138038187748121
2023-07-12,0.0124779999999999,-40.3,1.83,0.12,1.15,13.54,0.0084907791907379
2023-07-13,0.010631,186.35,0.32,1.83,1.09,13.61,-0.0029334318940842
2023-07-14,0.0087889999999999,-140.24,-0.08,0.32,-0.06,13.34,0.008101185829116
2023-07-19,-0.000242,-143.64,1.8,0.64,0.18,13.76,0.0038718198729406
2023-07-20,-0.002027,168.98,0.76,1.8,-0.6,13.99,0.0027129881455556
2023-07-21,-0.0038119999999999,-117.91,0.23,0.76,-0.03,13.6,0.0140005715972433
2023-07-26,-0.0115819999999999,117.26999999999998,-0.19,0.17,-0.02,13.19,-0.0054210272303011
2023-07-27,-0.012989,-108.51,0.21,-0.19,-0.34,14.41,-0.0032908066455664
2023-07-28,-0.0143999999999999,-6.739999999999981,0.02,0.21,0.77,13.33,-0.0274694810989388
2023-08-02,-0.01746,127.08,-1.36,-0.43,-1.58,16.09,-0.0048207658250526
2023-08-03,-0.015621,-59.04000000000002,-0.43,-1.36,-0.35,15.92,0.0066786101618605
2023-08-04,-0.0137889999999999,-19.419999999999987,0.47,-0.43,-0.12,17.1,0.0125031809840642
2023-08-09,-0.0084216,-96.07,0.8,-0.36,-0.39,15.96,0.0042646742293064
2023-08-10,-0.0078557999999999,145.57,0.41,0.8,0.29,15.85,0.0001965428272622
2023-08-11,-0.0072928,-167.75,-1.24,0.41,-0.4,14.84,0.016994714408681
2023-08-16,-0.0041623999999999,-76.78000000000003,-0.44,-1.57,-0.77,16.78,0.002725581974829
2023-08-17,-0.003495,188.57,-0.63,-0.44,-0.81,17.89,0.0035674492803529
2023-08-18,-0.0028290499999999,-303.66,-0.65,-0.63,-0.15,17.3,-0.0001811164785955
2023-08-23,0.00046173,-40.900000000000006,0.68,0.18,0.98,15.98,0.0018731616459446
2023-08-24,0.00111566,208.87,0.18,0.68,-1.07,17.2,0.0038507630379757
2023-08-25,0.0017700099999999,-223.95,0.07,0.18,0.2,15.68,0.0085337234232514
2023-08-31,0.0058759999999999,169.41000000000005,-0.46,0.12,-0.18,13.57,0.0003630736813952
2023-09-01,0.0065798,-192.28000000000003,0.34,-0.46,0.12,13.09,0.0088679265891823
2023-09-06,0.0015531,244.97,-0.16,-0.2,-0.59,14.45,-0.002462621707252
2023-09-07,0.0006389,-182.58,0.21,-0.16,-0.29,14.4,0.0007812517654828
2023-09-08,-0.0002749,-41.88000000000001,0.49,0.21,0.06,13.84,-0.0022242411296229
2023-09-13,-0.0070137,29.11,-0.02,0.41,0.03,13.48,0.0051023686766251
2023-09-14,-0.0086551999999999,107.78,1.95,-0.02,0.87,12.82,-0.0024223468632518
2023-09-15,-0.0102998999999999,-34.89999999999998,0.5,1.95,-0.73,13.79,0.0188811763288442
2023-09-20,-0.0159979,-59.09,0.93,0.09,-0.5,15.14,0.0028701962854972
2023-09-21,-0.0168086,-32.06999999999999,-0.69,0.93,-1.71,17.54,0.004413086866325
2023-09-22,-0.0176256999999999,61.73999999999998,0.07,-0.69,-0.22,17.2,0.0077750117162306
2023-09-27,-0.021856,214.2,-0.43,0.02,-0.14,18.22,-0.0010733276324623
2023-09-28,-0.022731,-206.28,0.11,-0.43,0.53,17.34,-1.128228527735864e-05
2023-09-29,-0.0236149999999999,39.170000000000016,0.08,0.11,-0.09,17.52,0.0153848247738042
2023-10-04,-0.0209369999999999,4.359999999999985,-0.77,-0.54,0.4,18.58,-0.0025787785834542
2023-10-05,-0.019463,-43.29999999999998,0.53,-0.77,0.2,18.49,0.0005687326877956
2023-10-06,-0.017996,76.21000000000001,0.58,0.53,1.02,17.45,-0.0498578424320808
2023-10-11,-0.0113479999999999,-444.22,-0.11,1.82,0.4,16.09,0.0021073659986975
2023-10-12,-0.010113,-193.53,0.32,-0.11,-0.53,16.69,0.0076277031815532
2023-10-13,-0.008882,12.78,-0.59,0.32,-0.76,19.32,0.0194465469744071
2023-10-18,-0.000122,74.88000000000001,-1.14,0.58,-1.27,19.22,0.0023581575513204
2023-10-19,0.001979,-50.20000000000002,-1.17,-1.14,-0.96,21.4,0.0064163353032974
2023-10-20,0.00408,67.42000000000002,-1.3,-1.17,-1.18,21.71,0.0103064711568722
2023-10-25,0.013611,214.99,0.33,0.2,-1.07,20.19,-0.000936838069487
2023-10-26,0.0153939999999999,296.88000000000005,-0.81,0.33,-1.12,20.68,0.0021814612251369
2023-10-27,0.017183,-521.83,-0.86,-0.81,-0.33,21.27,-0.0137481527299488
2023-11-01,0.0259,-168.67000000000002,0.28,-0.08,1.04,16.87,-0.0400723869124769
2023-11-02,0.0248329999999999,21.710000000000008,1.42,0.28,1.97,15.66,-0.0026313647432711
2023-11-03,0.0237769999999999,-65.48,-0.39,1.42,1.1,14.91,0.0210912893452728
2023-11-08,0.020291,194.12,-0.11,-0.1,0.04,14.45,0.0054238749724718
2023-11-09,0.0198399999999999,-168.09000000000003,0.73,-0.11,-0.33,15.29,0.0028557361343014
2023-11-10,0.0193969999999999,70.04,-1.28,0.73,0.76,14.17,0.021057024450339
2023-11-15,0.0137449,-7.790000000000006,0.62,0.2,0.4,14.18,0.004018452471543
2023-11-16,0.0121602499999999,66.58999999999999,-1.01,0.62,-0.07,14.32,0.0044181937034016
2023-11-17,0.01058038,-38.329999999999984,1.26,-1.01,0.41,13.8,0.0122482951831485
2023-11-22,0.0047133,50.44,-0.17,-0.19,0.16,12.85,0.0076509113482133
2023-11-23,0.0038112,79.03,0.19,-0.17,0.13,12.85,0.0019639731423189
2023-11-24,0.0029103999999999,-176.64,0.06,0.19,0.21,12.46,0.0111506122518726
2023-11-29,-0.001177,-157.2,-0.43,-0.07,0.05,12.98,-0.0023652350610163
2023-11-30,-0.0019406,251.63,0.41,-0.43,0.32,12.92,0.0035845206441502
2023-12-01,-0.0027048999999999,-40.410000000000025,1.01,0.41,0.56,12.63,0.0428494707831703
2023-12-06,-0.0078418,-30.680000000000007,0.34,-0.31,-0.07,12.97,0.0068980807059658
2023-12-07,-0.00912719,-79.52000000000001,-0.02,0.34,0.55,13.06,0.0008456086935412
2023-12-08,-0.01041608,180.43,0.54,-0.02,0.32,12.35,0.0001228800511854
2023-12-13,-0.0152522,-131.45,0.08,-0.03,1.1,12.19,0.0083139245955787
2023-12-14,-0.0160121999999999,-136.06,1.33,0.08,0.9,12.48,0.0020669401795101
2023-12-15,-0.0167787,-37.78999999999999,-0.95,1.33,-0.09,12.28,0.0126849245979278
2023-12-20,-0.020211,-275.11000000000007,1.02,0.31,-1.0,13.67,0.0043243316112518
2023-12-21,-0.020854,-219.17,-0.27,1.02,0.75,13.65,0.0101591430591251
2023-12-22,-0.0215049999999999,-14.069999999999991,0.04,-0.27,0.23,13.03,0.0096739707694433
2023-12-29,-0.031074,-110.32,0.14,-0.03,-0.28,12.45,0.0036342424610432
